record_id,title,abstract,label
DUM-IRR-00505,Association of amyloid with outcomes in Alzheimer disease,Background: Alzheimer Disease is a major public health problem. Methods: In this study (n=654) we evaluated amyloid and clinical outcomes. Results: Significant associations were observed (p=0.0086). Conclusions: Further research is warranted.,0
DUM-IRR-00061,Association of HbA1c with outcomes in type 2 diabetes,Background: Type 2 Diabetes is a major public health problem. Methods: In this study (n=369) we evaluated GLP-1 and clinical outcomes. Results: Significant associations were observed (p=0.0045). Conclusions: Further research is warranted.,0
DUM-IRR-00287,Type 2 Diabetes management guidelines: an updated review,Objective: To summarize evidence for type 2 diabetes. We performed a systematic review and meta-analysis following PRISMA. Results: 17 studies were included. Conclusions: Evidence quality was variable.,0
DUM-IRR-00405,Alzheimer Disease management guidelines: an updated review,Objective: To summarize evidence for Alzheimer disease. We performed a systematic review and meta-analysis following PRISMA. Results: 27 studies were included. Conclusions: Evidence quality was variable.,0
DUM-IRR-00347,Association of in vivo with outcomes in mouse model study,"Methods: Using a murine model (n=41), we assessed in vivo and mechanistic endpoints. Results: preclinical altered pathway activity. Conclusions: Findings support preclinical development.",0
DUM-CLL-00033,ibrutinib versus chlorambucil plus obinutuzumab in del(17p) or TP53 mutation: a double-blind trial,Background: Chronic lymphocytic leukemia (CLL) remains incurable. Methods: We conducted a double-blind trial in del(17p) or TP53 mutation. Participants (n=759) were assigned to receive ibrutinib or chlorambucil plus obinutuzumab. The primary endpoint was time to next treatment. Results: time to next treatment was improved with ibrutinib (HR 0.68; 95% CI 0.5 to 0.9; p=0.0368). Conclusions: ibrutinib improved time to next treatment compared with chlorambucil plus obinutuzumab.,1
DUM-IRR-00016,Association of variant with outcomes in COVID-19,Background: Covid-19 is a major public health problem. Methods: In this study (n=726) we evaluated PCR and clinical outcomes. Results: Significant associations were observed (p=0.0379). Conclusions: Further research is warranted.,0
DUM-IRR-00124,Mouse Model Study management guidelines: an updated review,Objective: To summarize evidence for mouse model study. We performed a systematic review and meta-analysis following PRISMA. Results: 31 studies were included. Conclusions: Evidence quality was variable.,0
DUM-IRR-00472,Effects of metformin on biomarkers in type 2 diabetes: a cohort study,Objective: To summarize evidence for type 2 diabetes. We performed a systematic review and meta-analysis following PRISMA. Results: 19 studies were included. Conclusions: Evidence quality was variable.,0
DUM-IRR-00115,Effects of cognitive decline on biomarkers in Alzheimer disease: a cohort study,Objective: To summarize evidence for Alzheimer disease. We performed a systematic review and meta-analysis following PRISMA. Results: 31 studies were included. Conclusions: Evidence quality was variable.,0
DUM-IRR-00371,Association of tau with outcomes in Alzheimer disease,"Methods: Using a murine model (n=33), we assessed amyloid and mechanistic endpoints. Results: tau altered pathway activity. Conclusions: Findings support preclinical development.",0
DUM-IRR-00394,Preclinical evaluation of statin in a cardiovascular disease model,Objective: To summarize evidence for cardiovascular disease. We performed a systematic review and meta-analysis following PRISMA. Results: 9 studies were included. Conclusions: Evidence quality was variable.,0
DUM-IRR-00076,Covid-19 management guidelines: an updated review,Objective: To summarize evidence for COVID-19. We performed a systematic review and meta-analysis following PRISMA. Results: 13 studies were included. Conclusions: Evidence quality was variable.,0
DUM-CLL-00032,venetoclax plus obinutuzumab versus bendamustine-rituximab in treatment-naive patients: a multicenter study,Background: Chronic lymphocytic leukemia (CLL) remains incurable. Methods: We conducted a multicenter study in treatment-naive patients. Participants (n=522) were assigned to receive venetoclax plus obinutuzumab or bendamustine-rituximab. The primary endpoint was response rate. Results: response rate was improved with venetoclax plus obinutuzumab (HR 0.77; 95% CI 0.6 to 0.91; p=0.0049). Conclusions: venetoclax plus obinutuzumab improved response rate compared with bendamustine-rituximab.,1
DUM-IRR-00380,Association of knockout with outcomes in mouse model study,Objective: To summarize evidence for mouse model study. We performed a systematic review and meta-analysis following PRISMA. Results: 16 studies were included. Conclusions: Evidence quality was variable.,0
DUM-IRR-00237,Association of metformin with outcomes in type 2 diabetes,Objective: To summarize evidence for type 2 diabetes. We performed a systematic review and meta-analysis following PRISMA. Results: 26 studies were included. Conclusions: Evidence quality was variable.,0
DUM-IRR-00167,Meta-analysis of interventions for breast cancer,"Methods: Using a murine model (n=55), we assessed aromatase inhibitor and mechanistic endpoints. Results: HER2 altered pathway activity. Conclusions: Findings support preclinical development.",0
DUM-IRR-00361,Meta-analysis of interventions for Alzheimer disease,Objective: To summarize evidence for Alzheimer disease. We performed a systematic review and meta-analysis following PRISMA. Results: 12 studies were included. Conclusions: Evidence quality was variable.,0
DUM-IRR-00499,Association of cognitive decline with outcomes in Alzheimer disease,Objective: To summarize evidence for Alzheimer disease. We performed a systematic review and meta-analysis following PRISMA. Results: 28 studies were included. Conclusions: Evidence quality was variable.,0
DUM-IRR-00395,Effects of metformin on biomarkers in type 2 diabetes: a cohort study,"Methods: Using a murine model (n=24), we assessed HbA1c and mechanistic endpoints. Results: HbA1c altered pathway activity. Conclusions: Findings support preclinical development.",0
DUM-IRR-00136,Type 2 Diabetes management guidelines: an updated review,Objective: To summarize evidence for type 2 diabetes. We performed a systematic review and meta-analysis following PRISMA. Results: 33 studies were included. Conclusions: Evidence quality was variable.,0
DUM-IRR-00393,Meta-analysis of interventions for breast cancer,Objective: To summarize evidence for breast cancer. We performed a systematic review and meta-analysis following PRISMA. Results: 32 studies were included. Conclusions: Evidence quality was variable.,0
DUM-IRR-00187,Covid-19 management guidelines: an updated review,Objective: To summarize evidence for COVID-19. We performed a systematic review and meta-analysis following PRISMA. Results: 20 studies were included. Conclusions: Evidence quality was variable.,0
DUM-IRR-00239,Effects of statin on biomarkers in cardiovascular disease: a cohort study,Background: Cardiovascular Disease is a major public health problem. Methods: In this study (n=963) we evaluated myocardial infarction and clinical outcomes. Results: Significant associations were observed (p=0.0327). Conclusions: Further research is warranted.,0
DUM-IRR-00299,Meta-analysis of interventions for Alzheimer disease,Objective: To summarize evidence for Alzheimer disease. We performed a systematic review and meta-analysis following PRISMA. Results: 14 studies were included. Conclusions: Evidence quality was variable.,0
DUM-IRR-00314,Preclinical evaluation of preclinical in a mouse model study model,Background: Mouse Model Study is a major public health problem. Methods: In this study (n=1447) we evaluated in vivo and clinical outcomes. Results: Significant associations were observed (p=0.0223). Conclusions: Further research is warranted.,0
DUM-IRR-00155,Association of cell line with outcomes in mouse model study,Objective: To summarize evidence for mouse model study. We performed a systematic review and meta-analysis following PRISMA. Results: 21 studies were included. Conclusions: Evidence quality was variable.,0
DUM-IRR-00461,Meta-analysis of interventions for cardiovascular disease,"Methods: Using a murine model (n=59), we assessed statin and mechanistic endpoints. Results: statin altered pathway activity. Conclusions: Findings support preclinical development.",0
DUM-IRR-00130,Meta-analysis of interventions for cardiovascular disease,Background: Cardiovascular Disease is a major public health problem. Methods: In this study (n=1926) we evaluated angiography and clinical outcomes. Results: Significant associations were observed (p=0.0408). Conclusions: Further research is warranted.,0
DUM-IRR-00011,Meta-analysis of interventions for breast cancer,Objective: To summarize evidence for breast cancer. We performed a systematic review and meta-analysis following PRISMA. Results: 18 studies were included. Conclusions: Evidence quality was variable.,0
DUM-CLL-00046,ibrutinib versus FCR in del(17p) or TP53 mutation: a double-blind trial,Background: Chronic lymphocytic leukemia (CLL) remains incurable. Methods: We conducted a double-blind trial in del(17p) or TP53 mutation. Participants (n=616) were assigned to receive ibrutinib or FCR. The primary endpoint was progression-free survival. Results: progression-free survival was improved with ibrutinib (HR 0.7; 95% CI 0.56 to 1.0; p=0.0039). Conclusions: ibrutinib improved progression-free survival compared with FCR.,1
DUM-IRR-00188,Preclinical evaluation of myocardial infarction in a cardiovascular disease model,"Methods: Using a murine model (n=36), we assessed angiography and mechanistic endpoints. Results: blood pressure altered pathway activity. Conclusions: Findings support preclinical development.",0
DUM-CLL-00030,zanubrutinib versus placebo in high-risk cytogenetics: a phase 3 trial,Background: Chronic lymphocytic leukemia (CLL) remains incurable. Methods: We conducted a phase 3 trial in high-risk cytogenetics. Participants (n=413) were assigned to receive zanubrutinib or placebo. The primary endpoint was response rate. Results: response rate was improved with zanubrutinib (HR 0.62; 95% CI 0.48 to 0.83; p=0.0268). Conclusions: zanubrutinib improved response rate compared with placebo.,1
DUM-IRR-00297,Effects of preclinical on biomarkers in mouse model study: a cohort study,Background: Mouse Model Study is a major public health problem. Methods: In this study (n=1229) we evaluated preclinical and clinical outcomes. Results: Significant associations were observed (p=0.027). Conclusions: Further research is warranted.,0
DUM-IRR-00495,Systematic Review management guidelines: an updated review,"Methods: Using a murine model (n=17), we assessed PRISMA and mechanistic endpoints. Results: network meta-analysis altered pathway activity. Conclusions: Findings support preclinical development.",0
DUM-IRR-00195,Association of angiography with outcomes in cardiovascular disease,Background: Cardiovascular Disease is a major public health problem. Methods: In this study (n=1057) we evaluated angiography and clinical outcomes. Results: Significant associations were observed (p=0.0054). Conclusions: Further research is warranted.,0
DUM-CLL-00011,acalabrutinib versus bendamustine-rituximab in high-risk cytogenetics: a double-blind trial,Background: Frontline therapy for CLL has evolved. Methods: We conducted a double-blind trial in high-risk cytogenetics. Participants (n=371) were assigned to receive acalabrutinib or bendamustine-rituximab. The primary endpoint was progression-free survival. Results: progression-free survival was improved with acalabrutinib (HR 0.47; 95% CI 0.37 to 0.62; p=0.0136). Conclusions: acalabrutinib improved progression-free survival compared with bendamustine-rituximab.,1
DUM-IRR-00095,Preclinical evaluation of variant in a COVID-19 model,Background: Covid-19 is a major public health problem. Methods: In this study (n=710) we evaluated variant and clinical outcomes. Results: Significant associations were observed (p=0.019). Conclusions: Further research is warranted.,0
DUM-IRR-00458,Meta-analysis of interventions for type 2 diabetes,Objective: To summarize evidence for type 2 diabetes. We performed a systematic review and meta-analysis following PRISMA. Results: 15 studies were included. Conclusions: Evidence quality was variable.,0
DUM-IRR-00250,Association of tamoxifen with outcomes in breast cancer,Objective: To summarize evidence for breast cancer. We performed a systematic review and meta-analysis following PRISMA. Results: 9 studies were included. Conclusions: Evidence quality was variable.,0
DUM-IRR-00374,Meta-analysis of interventions for systematic review,Objective: To summarize evidence for systematic review. We performed a systematic review and meta-analysis following PRISMA. Results: 42 studies were included. Conclusions: Evidence quality was variable.,0
DUM-IRR-00054,Association of meta-analysis with outcomes in systematic review,"Methods: Using a murine model (n=40), we assessed PRISMA and mechanistic endpoints. Results: network meta-analysis altered pathway activity. Conclusions: Findings support preclinical development.",0
DUM-CLL-00052,acalabrutinib versus chlorambucil plus obinutuzumab in del(17p) or TP53 mutation: a randomized controlled trial,Background: Frontline therapy for CLL has evolved. Methods: We conducted a randomized controlled trial in del(17p) or TP53 mutation. Participants (n=631) were assigned to receive acalabrutinib or chlorambucil plus obinutuzumab. The primary endpoint was progression-free survival. Results: progression-free survival was improved with acalabrutinib (HR 0.63; 95% CI 0.57 to 0.9; p=0.0015). Conclusions: acalabrutinib improved progression-free survival compared with chlorambucil plus obinutuzumab.,1
DUM-CLL-00024,acalabrutinib versus placebo in del(17p) or TP53 mutation: a phase 3 trial,Background: Chronic lymphocytic leukemia (CLL) remains incurable. Methods: We conducted a phase 3 trial in del(17p) or TP53 mutation. Participants (n=378) were assigned to receive acalabrutinib or placebo. The primary endpoint was progression-free survival. Results: progression-free survival was improved with acalabrutinib (HR 0.45; 95% CI 0.32 to 0.6; p=0.0112). Conclusions: acalabrutinib improved progression-free survival compared with placebo.,1
DUM-IRR-00119,Type 2 Diabetes management guidelines: an updated review,"Methods: Using a murine model (n=45), we assessed insulin and mechanistic endpoints. Results: HbA1c altered pathway activity. Conclusions: Findings support preclinical development.",0
DUM-IRR-00338,Preclinical evaluation of cell line in a mouse model study model,Background: Mouse Model Study is a major public health problem. Methods: In this study (n=1312) we evaluated knockout and clinical outcomes. Results: Significant associations were observed (p=0.0199). Conclusions: Further research is warranted.,0
DUM-CLL-00088,zanubrutinib versus placebo in high-risk cytogenetics: a phase 3 trial,Background: Frontline therapy for CLL has evolved. Methods: We conducted a phase 3 trial in high-risk cytogenetics. Participants (n=236) were assigned to receive zanubrutinib or placebo. The primary endpoint was progression-free survival. Results: progression-free survival was improved with zanubrutinib (HR 0.88; 95% CI 0.83 to 1.17; p=0.0023). Conclusions: zanubrutinib improved progression-free survival compared with placebo.,1
DUM-IRR-00312,Effects of SARS-CoV-2 on biomarkers in COVID-19: a cohort study,Objective: To summarize evidence for COVID-19. We performed a systematic review and meta-analysis following PRISMA. Results: 32 studies were included. Conclusions: Evidence quality was variable.,0
DUM-IRR-00261,Systematic Review management guidelines: an updated review,Objective: To summarize evidence for systematic review. We performed a systematic review and meta-analysis following PRISMA. Results: 27 studies were included. Conclusions: Evidence quality was variable.,0
DUM-CLL-00037,acalabrutinib versus chlorambucil plus obinutuzumab in high-risk cytogenetics: a randomized controlled trial,Background: Chronic lymphocytic leukemia (CLL) remains incurable. Methods: We conducted a randomized controlled trial in high-risk cytogenetics. Participants (n=239) were assigned to receive acalabrutinib or chlorambucil plus obinutuzumab. The primary endpoint was response rate. Results: response rate was improved with acalabrutinib (HR 0.85; 95% CI 0.67 to 1.13; p=0.0393). Conclusions: acalabrutinib improved response rate compared with chlorambucil plus obinutuzumab.,1
DUM-IRR-00399,Breast Cancer management guidelines: an updated review,"Methods: Using a murine model (n=17), we assessed aromatase inhibitor and mechanistic endpoints. Results: tamoxifen altered pathway activity. Conclusions: Findings support preclinical development.",0
DUM-IRR-00101,Preclinical evaluation of cognitive decline in a Alzheimer disease model,Background: Alzheimer Disease is a major public health problem. Methods: In this study (n=1955) we evaluated cognitive decline and clinical outcomes. Results: Significant associations were observed (p=0.0332). Conclusions: Further research is warranted.,0
DUM-IRR-00169,Effects of myocardial infarction on biomarkers in cardiovascular disease: a cohort study,Background: Cardiovascular Disease is a major public health problem. Methods: In this study (n=236) we evaluated myocardial infarction and clinical outcomes. Results: Significant associations were observed (p=0.0475). Conclusions: Further research is warranted.,0
DUM-IRR-00209,Meta-analysis of interventions for systematic review,Background: Systematic Review is a major public health problem. Methods: In this study (n=352) we evaluated meta-analysis and clinical outcomes. Results: Significant associations were observed (p=0.021). Conclusions: Further research is warranted.,0
DUM-IRR-00196,Association of HER2 with outcomes in breast cancer,"Methods: Using a murine model (n=24), we assessed tamoxifen and mechanistic endpoints. Results: tamoxifen altered pathway activity. Conclusions: Findings support preclinical development.",0
DUM-IRR-00173,Association of metformin with outcomes in type 2 diabetes,Background: Type 2 Diabetes is a major public health problem. Methods: In this study (n=874) we evaluated HbA1c and clinical outcomes. Results: Significant associations were observed (p=0.0111). Conclusions: Further research is warranted.,0
DUM-IRR-00364,Meta-analysis of interventions for cardiovascular disease,"Methods: Using a murine model (n=35), we assessed statin and mechanistic endpoints. Results: statin altered pathway activity. Conclusions: Findings support preclinical development.",0
DUM-IRR-00113,Preclinical evaluation of insulin in a type 2 diabetes model,Objective: To summarize evidence for type 2 diabetes. We performed a systematic review and meta-analysis following PRISMA. Results: 15 studies were included. Conclusions: Evidence quality was variable.,0
DUM-IRR-00273,Association of tamoxifen with outcomes in breast cancer,Objective: To summarize evidence for breast cancer. We performed a systematic review and meta-analysis following PRISMA. Results: 24 studies were included. Conclusions: Evidence quality was variable.,0
DUM-IRR-00509,Effects of metastatic on biomarkers in breast cancer: a cohort study,"Methods: Using a murine model (n=32), we assessed aromatase inhibitor and mechanistic endpoints. Results: tamoxifen altered pathway activity. Conclusions: Findings support preclinical development.",0
DUM-IRR-00330,Preclinical evaluation of amyloid in a Alzheimer disease model,Objective: To summarize evidence for Alzheimer disease. We performed a systematic review and meta-analysis following PRISMA. Results: 25 studies were included. Conclusions: Evidence quality was variable.,0
DUM-IRR-00224,Meta-analysis of interventions for mouse model study,"Methods: Using a murine model (n=31), we assessed preclinical and mechanistic endpoints. Results: knockout altered pathway activity. Conclusions: Findings support preclinical development.",0
DUM-IRR-00014,Systematic Review management guidelines: an updated review,Background: Systematic Review is a major public health problem. Methods: In this study (n=872) we evaluated meta-analysis and clinical outcomes. Results: Significant associations were observed (p=0.0432). Conclusions: Further research is warranted.,0
DUM-IRR-00470,Meta-analysis of interventions for COVID-19,Objective: To summarize evidence for COVID-19. We performed a systematic review and meta-analysis following PRISMA. Results: 13 studies were included. Conclusions: Evidence quality was variable.,0
DUM-IRR-00000,Alzheimer Disease management guidelines: an updated review,Objective: To summarize evidence for Alzheimer disease. We performed a systematic review and meta-analysis following PRISMA. Results: 21 studies were included. Conclusions: Evidence quality was variable.,0
DUM-IRR-00006,Effects of GLP-1 on biomarkers in type 2 diabetes: a cohort study,"Methods: Using a murine model (n=29), we assessed insulin and mechanistic endpoints. Results: metformin altered pathway activity. Conclusions: Findings support preclinical development.",0
DUM-IRR-00028,Systematic Review management guidelines: an updated review,Background: Systematic Review is a major public health problem. Methods: In this study (n=1581) we evaluated systematic review and clinical outcomes. Results: Significant associations were observed (p=0.0034). Conclusions: Further research is warranted.,0
DUM-IRR-00145,Meta-analysis of interventions for breast cancer,Background: Breast Cancer is a major public health problem. Methods: In this study (n=573) we evaluated metastatic and clinical outcomes. Results: Significant associations were observed (p=0.0181). Conclusions: Further research is warranted.,0
DUM-IRR-00084,Preclinical evaluation of meta-analysis in a systematic review model,Background: Systematic Review is a major public health problem. Methods: In this study (n=179) we evaluated PRISMA and clinical outcomes. Results: Significant associations were observed (p=0.0007). Conclusions: Further research is warranted.,0
DUM-IRR-00228,Meta-analysis of interventions for type 2 diabetes,"Methods: Using a murine model (n=55), we assessed insulin and mechanistic endpoints. Results: insulin altered pathway activity. Conclusions: Findings support preclinical development.",0
DUM-IRR-00417,Preclinical evaluation of meta-analysis in a systematic review model,Background: Systematic Review is a major public health problem. Methods: In this study (n=162) we evaluated network meta-analysis and clinical outcomes. Results: Significant associations were observed (p=0.0218). Conclusions: Further research is warranted.,0
DUM-IRR-00327,Meta-analysis of interventions for systematic review,Background: Systematic Review is a major public health problem. Methods: In this study (n=1473) we evaluated network meta-analysis and clinical outcomes. Results: Significant associations were observed (p=0.0333). Conclusions: Further research is warranted.,0
DUM-IRR-00476,Effects of amyloid on biomarkers in Alzheimer disease: a cohort study,Objective: To summarize evidence for Alzheimer disease. We performed a systematic review and meta-analysis following PRISMA. Results: 12 studies were included. Conclusions: Evidence quality was variable.,0
DUM-IRR-00440,Meta-analysis of interventions for cardiovascular disease,"Methods: Using a murine model (n=59), we assessed statin and mechanistic endpoints. Results: angiography altered pathway activity. Conclusions: Findings support preclinical development.",0
DUM-CLL-00025,zanubrutinib versus placebo in older patients: a phase 3 trial,Background: Chronic lymphocytic leukemia (CLL) remains incurable. Methods: We conducted a phase 3 trial in older patients. Participants (n=353) were assigned to receive zanubrutinib or placebo. The primary endpoint was progression-free survival. Results: progression-free survival was improved with zanubrutinib (HR 0.6; 95% CI 0.41 to 0.73; p=0.026). Conclusions: zanubrutinib improved progression-free survival compared with placebo.,1
DUM-CLL-00081,acalabrutinib versus chemoimmunotherapy in patients with CLL: a double-blind trial,Background: Chronic lymphocytic leukemia (CLL) remains incurable. Methods: We conducted a double-blind trial in patients with CLL. Participants (n=611) were assigned to receive acalabrutinib or chemoimmunotherapy. The primary endpoint was overall survival. Results: overall survival was improved with acalabrutinib (HR 0.84; 95% CI 0.66 to 1.0; p=0.0112). Conclusions: acalabrutinib improved overall survival compared with chemoimmunotherapy.,1
DUM-CLL-00028,zanubrutinib versus bendamustine-rituximab in high-risk cytogenetics: a multicenter study,Background: Chronic lymphocytic leukemia (CLL) remains incurable. Methods: We conducted a multicenter study in high-risk cytogenetics. Participants (n=685) were assigned to receive zanubrutinib or bendamustine-rituximab. The primary endpoint was progression-free survival. Results: progression-free survival was improved with zanubrutinib (HR 0.46; 95% CI 0.36 to 0.67; p=0.0341). Conclusions: zanubrutinib improved progression-free survival compared with bendamustine-rituximab.,1
DUM-IRR-00443,Meta-analysis of interventions for Alzheimer disease,Objective: To summarize evidence for Alzheimer disease. We performed a systematic review and meta-analysis following PRISMA. Results: 29 studies were included. Conclusions: Evidence quality was variable.,0
DUM-IRR-00442,Preclinical evaluation of preclinical in a mouse model study model,Objective: To summarize evidence for mouse model study. We performed a systematic review and meta-analysis following PRISMA. Results: 41 studies were included. Conclusions: Evidence quality was variable.,0
DUM-IRR-00452,Effects of variant on biomarkers in COVID-19: a cohort study,Objective: To summarize evidence for COVID-19. We performed a systematic review and meta-analysis following PRISMA. Results: 34 studies were included. Conclusions: Evidence quality was variable.,0
DUM-IRR-00310,Effects of angiography on biomarkers in cardiovascular disease: a cohort study,"Methods: Using a murine model (n=24), we assessed blood pressure and mechanistic endpoints. Results: angiography altered pathway activity. Conclusions: Findings support preclinical development.",0
DUM-IRR-00112,Effects of cognitive decline on biomarkers in Alzheimer disease: a cohort study,Background: Alzheimer Disease is a major public health problem. Methods: In this study (n=882) we evaluated dementia and clinical outcomes. Results: Significant associations were observed (p=0.0276). Conclusions: Further research is warranted.,0
DUM-CLL-00075,acalabrutinib versus placebo in older patients: a multicenter study,Background: Frontline therapy for CLL has evolved. Methods: We conducted a multicenter study in older patients. Participants (n=392) were assigned to receive acalabrutinib or placebo. The primary endpoint was response rate. Results: response rate was improved with acalabrutinib (HR 0.69; 95% CI 0.57 to 0.84; p=0.015). Conclusions: acalabrutinib improved response rate compared with placebo.,1
DUM-IRR-00278,Effects of metformin on biomarkers in type 2 diabetes: a cohort study,"Methods: Using a murine model (n=18), we assessed insulin and mechanistic endpoints. Results: HbA1c altered pathway activity. Conclusions: Findings support preclinical development.",0
DUM-IRR-00418,Association of network meta-analysis with outcomes in systematic review,Objective: To summarize evidence for systematic review. We performed a systematic review and meta-analysis following PRISMA. Results: 18 studies were included. Conclusions: Evidence quality was variable.,0
DUM-IRR-00116,Systematic Review management guidelines: an updated review,Objective: To summarize evidence for systematic review. We performed a systematic review and meta-analysis following PRISMA. Results: 23 studies were included. Conclusions: Evidence quality was variable.,0
DUM-IRR-00344,Type 2 Diabetes management guidelines: an updated review,"Methods: Using a murine model (n=55), we assessed metformin and mechanistic endpoints. Results: insulin altered pathway activity. Conclusions: Findings support preclinical development.",0
DUM-IRR-00404,Effects of angiography on biomarkers in cardiovascular disease: a cohort study,Objective: To summarize evidence for cardiovascular disease. We performed a systematic review and meta-analysis following PRISMA. Results: 19 studies were included. Conclusions: Evidence quality was variable.,0
DUM-IRR-00068,Effects of PRISMA on biomarkers in systematic review: a cohort study,Background: Systematic Review is a major public health problem. Methods: In this study (n=637) we evaluated systematic review and clinical outcomes. Results: Significant associations were observed (p=0.019). Conclusions: Further research is warranted.,0
DUM-CLL-00080,ibrutinib versus chemoimmunotherapy in older patients: a phase 3 trial,Background: Frontline therapy for CLL has evolved. Methods: We conducted a phase 3 trial in older patients. Participants (n=334) were assigned to receive ibrutinib or chemoimmunotherapy. The primary endpoint was progression-free survival. Results: progression-free survival was improved with ibrutinib (HR 0.7; 95% CI 0.54 to 0.99; p=0.0344). Conclusions: ibrutinib improved progression-free survival compared with chemoimmunotherapy.,1
DUM-CLL-00022,acalabrutinib versus chlorambucil plus obinutuzumab in del(17p) or TP53 mutation: a phase 3 trial,Background: Chronic lymphocytic leukemia (CLL) remains incurable. Methods: We conducted a phase 3 trial in del(17p) or TP53 mutation. Participants (n=675) were assigned to receive acalabrutinib or chlorambucil plus obinutuzumab. The primary endpoint was overall survival. Results: overall survival was improved with acalabrutinib (HR 0.64; 95% CI 0.46 to 0.77; p=0.0062). Conclusions: acalabrutinib improved overall survival compared with chlorambucil plus obinutuzumab.,1
DUM-CLL-00001,zanubrutinib versus chlorambucil plus obinutuzumab in older patients: a randomized controlled trial,Background: Chronic lymphocytic leukemia (CLL) remains incurable. Methods: We conducted a randomized controlled trial in older patients. Participants (n=334) were assigned to receive zanubrutinib or chlorambucil plus obinutuzumab. The primary endpoint was overall survival. Results: overall survival was improved with zanubrutinib (HR 0.48; 95% CI 0.3 to 0.68; p=0.0354). Conclusions: zanubrutinib improved overall survival compared with chlorambucil plus obinutuzumab.,1
DUM-IRR-00042,Preclinical evaluation of myocardial infarction in a cardiovascular disease model,"Methods: Using a murine model (n=56), we assessed blood pressure and mechanistic endpoints. Results: myocardial infarction altered pathway activity. Conclusions: Findings support preclinical development.",0
DUM-IRR-00164,Meta-analysis of interventions for type 2 diabetes,Objective: To summarize evidence for type 2 diabetes. We performed a systematic review and meta-analysis following PRISMA. Results: 32 studies were included. Conclusions: Evidence quality was variable.,0
DUM-IRR-00449,Preclinical evaluation of systematic review in a systematic review model,Objective: To summarize evidence for systematic review. We performed a systematic review and meta-analysis following PRISMA. Results: 39 studies were included. Conclusions: Evidence quality was variable.,0
DUM-IRR-00078,Preclinical evaluation of PCR in a COVID-19 model,Background: Covid-19 is a major public health problem. Methods: In this study (n=1362) we evaluated vaccine and clinical outcomes. Results: Significant associations were observed (p=0.0267). Conclusions: Further research is warranted.,0
DUM-IRR-00302,Effects of network meta-analysis on biomarkers in systematic review: a cohort study,Objective: To summarize evidence for systematic review. We performed a systematic review and meta-analysis following PRISMA. Results: 8 studies were included. Conclusions: Evidence quality was variable.,0
DUM-IRR-00483,Meta-analysis of interventions for breast cancer,Background: Breast Cancer is a major public health problem. Methods: In this study (n=1474) we evaluated tamoxifen and clinical outcomes. Results: Significant associations were observed (p=0.0383). Conclusions: Further research is warranted.,0
DUM-CLL-00060,venetoclax plus obinutuzumab versus bendamustine-rituximab in older patients: a randomized controlled trial,Background: Chronic lymphocytic leukemia (CLL) remains incurable. Methods: We conducted a randomized controlled trial in older patients. Participants (n=720) were assigned to receive venetoclax plus obinutuzumab or bendamustine-rituximab. The primary endpoint was progression-free survival. Results: progression-free survival was improved with venetoclax plus obinutuzumab (HR 0.75; 95% CI 0.66 to 1.04; p=0.0369). Conclusions: venetoclax plus obinutuzumab improved progression-free survival compared with bendamustine-rituximab.,1
DUM-CLL-00002,venetoclax plus obinutuzumab versus chemoimmunotherapy in treatment-naive patients: a double-blind trial,Background: Frontline therapy for CLL has evolved. Methods: We conducted a double-blind trial in treatment-naive patients. Participants (n=428) were assigned to receive venetoclax plus obinutuzumab or chemoimmunotherapy. The primary endpoint was overall survival. Results: overall survival was improved with venetoclax plus obinutuzumab (HR 0.89; 95% CI 0.72 to 0.99; p=0.0092). Conclusions: venetoclax plus obinutuzumab improved overall survival compared with chemoimmunotherapy.,1
DUM-IRR-00160,Meta-analysis of interventions for type 2 diabetes,"Methods: Using a murine model (n=44), we assessed insulin and mechanistic endpoints. Results: metformin altered pathway activity. Conclusions: Findings support preclinical development.",0
DUM-IRR-00175,Effects of knockout on biomarkers in mouse model study: a cohort study,Background: Mouse Model Study is a major public health problem. Methods: In this study (n=1172) we evaluated murine and clinical outcomes. Results: Significant associations were observed (p=0.0299). Conclusions: Further research is warranted.,0
DUM-IRR-00290,Effects of metformin on biomarkers in type 2 diabetes: a cohort study,"Methods: Using a murine model (n=24), we assessed insulin and mechanistic endpoints. Results: HbA1c altered pathway activity. Conclusions: Findings support preclinical development.",0
DUM-IRR-00018,Meta-analysis of interventions for systematic review,"Methods: Using a murine model (n=43), we assessed PRISMA and mechanistic endpoints. Results: network meta-analysis altered pathway activity. Conclusions: Findings support preclinical development.",0
DUM-IRR-00267,Association of dementia with outcomes in Alzheimer disease,Objective: To summarize evidence for Alzheimer disease. We performed a systematic review and meta-analysis following PRISMA. Results: 38 studies were included. Conclusions: Evidence quality was variable.,0
DUM-IRR-00204,Association of variant with outcomes in COVID-19,Objective: To summarize evidence for COVID-19. We performed a systematic review and meta-analysis following PRISMA. Results: 11 studies were included. Conclusions: Evidence quality was variable.,0
DUM-IRR-00337,Association of HbA1c with outcomes in type 2 diabetes,"Methods: Using a murine model (n=51), we assessed insulin and mechanistic endpoints. Results: metformin altered pathway activity. Conclusions: Findings support preclinical development.",0
DUM-IRR-00231,Association of amyloid with outcomes in Alzheimer disease,Background: Alzheimer Disease is a major public health problem. Methods: In this study (n=1489) we evaluated amyloid and clinical outcomes. Results: Significant associations were observed (p=0.015). Conclusions: Further research is warranted.,0
DUM-IRR-00280,Meta-analysis of interventions for systematic review,Background: Systematic Review is a major public health problem. Methods: In this study (n=1454) we evaluated network meta-analysis and clinical outcomes. Results: Significant associations were observed (p=0.0383). Conclusions: Further research is warranted.,0
DUM-IRR-00162,Effects of dementia on biomarkers in Alzheimer disease: a cohort study,Background: Alzheimer Disease is a major public health problem. Methods: In this study (n=1489) we evaluated cognitive decline and clinical outcomes. Results: Significant associations were observed (p=0.0466). Conclusions: Further research is warranted.,0
DUM-IRR-00144,Association of blood pressure with outcomes in cardiovascular disease,Objective: To summarize evidence for cardiovascular disease. We performed a systematic review and meta-analysis following PRISMA. Results: 37 studies were included. Conclusions: Evidence quality was variable.,0
DUM-IRR-00407,Effects of angiography on biomarkers in cardiovascular disease: a cohort study,Background: Cardiovascular Disease is a major public health problem. Methods: In this study (n=747) we evaluated blood pressure and clinical outcomes. Results: Significant associations were observed (p=0.0185). Conclusions: Further research is warranted.,0
DUM-IRR-00291,Effects of tau on biomarkers in Alzheimer disease: a cohort study,Objective: To summarize evidence for Alzheimer disease. We performed a systematic review and meta-analysis following PRISMA. Results: 30 studies were included. Conclusions: Evidence quality was variable.,0
DUM-CLL-00058,acalabrutinib versus placebo in high-risk cytogenetics: a double-blind trial,Background: Chronic lymphocytic leukemia (CLL) remains incurable. Methods: We conducted a double-blind trial in high-risk cytogenetics. Participants (n=465) were assigned to receive acalabrutinib or placebo. The primary endpoint was response rate. Results: response rate was improved with acalabrutinib (HR 0.46; 95% CI 0.27 to 0.72; p=0.0348). Conclusions: acalabrutinib improved response rate compared with placebo.,1
DUM-IRR-00233,Preclinical evaluation of SARS-CoV-2 in a COVID-19 model,Objective: To summarize evidence for COVID-19. We performed a systematic review and meta-analysis following PRISMA. Results: 27 studies were included. Conclusions: Evidence quality was variable.,0
DUM-IRR-00137,Association of insulin with outcomes in type 2 diabetes,"Methods: Using a murine model (n=58), we assessed metformin and mechanistic endpoints. Results: insulin altered pathway activity. Conclusions: Findings support preclinical development.",0
DUM-CLL-00083,zanubrutinib versus bendamustine-rituximab in del(17p) or TP53 mutation: a multicenter study,Background: Frontline therapy for CLL has evolved. Methods: We conducted a multicenter study in del(17p) or TP53 mutation. Participants (n=461) were assigned to receive zanubrutinib or bendamustine-rituximab. The primary endpoint was progression-free survival. Results: progression-free survival was improved with zanubrutinib (HR 0.82; 95% CI 0.63 to 1.12; p=0.0377). Conclusions: zanubrutinib improved progression-free survival compared with bendamustine-rituximab.,1
DUM-IRR-00255,Alzheimer Disease management guidelines: an updated review,Background: Alzheimer Disease is a major public health problem. Methods: In this study (n=968) we evaluated tau and clinical outcomes. Results: Significant associations were observed (p=0.0227). Conclusions: Further research is warranted.,0
DUM-IRR-00171,Association of in vivo with outcomes in mouse model study,Objective: To summarize evidence for mouse model study. We performed a systematic review and meta-analysis following PRISMA. Results: 14 studies were included. Conclusions: Evidence quality was variable.,0
DUM-IRR-00218,Mouse Model Study management guidelines: an updated review,"Methods: Using a murine model (n=11), we assessed cell line and mechanistic endpoints. Results: murine altered pathway activity. Conclusions: Findings support preclinical development.",0
DUM-IRR-00063,Effects of metastatic on biomarkers in breast cancer: a cohort study,"Methods: Using a murine model (n=49), we assessed metastatic and mechanistic endpoints. Results: tamoxifen altered pathway activity. Conclusions: Findings support preclinical development.",0
DUM-IRR-00194,Effects of SARS-CoV-2 on biomarkers in COVID-19: a cohort study,Objective: To summarize evidence for COVID-19. We performed a systematic review and meta-analysis following PRISMA. Results: 31 studies were included. Conclusions: Evidence quality was variable.,0
DUM-IRR-00197,Preclinical evaluation of vaccine in a COVID-19 model,Objective: To summarize evidence for COVID-19. We performed a systematic review and meta-analysis following PRISMA. Results: 11 studies were included. Conclusions: Evidence quality was variable.,0
DUM-IRR-00092,Effects of GLP-1 on biomarkers in type 2 diabetes: a cohort study,Background: Type 2 Diabetes is a major public health problem. Methods: In this study (n=100) we evaluated insulin and clinical outcomes. Results: Significant associations were observed (p=0.0368). Conclusions: Further research is warranted.,0
DUM-IRR-00036,Effects of aromatase inhibitor on biomarkers in breast cancer: a cohort study,"Methods: Using a murine model (n=54), we assessed tamoxifen and mechanistic endpoints. Results: aromatase inhibitor altered pathway activity. Conclusions: Findings support preclinical development.",0
DUM-IRR-00271,Association of knockout with outcomes in mouse model study,"Methods: Using a murine model (n=56), we assessed cell line and mechanistic endpoints. Results: preclinical altered pathway activity. Conclusions: Findings support preclinical development.",0
DUM-IRR-00254,Mouse Model Study management guidelines: an updated review,Objective: To summarize evidence for mouse model study. We performed a systematic review and meta-analysis following PRISMA. Results: 19 studies were included. Conclusions: Evidence quality was variable.,0
DUM-IRR-00083,Systematic Review management guidelines: an updated review,Objective: To summarize evidence for systematic review. We performed a systematic review and meta-analysis following PRISMA. Results: 11 studies were included. Conclusions: Evidence quality was variable.,0
DUM-IRR-00217,Mouse Model Study management guidelines: an updated review,Background: Mouse Model Study is a major public health problem. Methods: In this study (n=1346) we evaluated murine and clinical outcomes. Results: Significant associations were observed (p=0.0304). Conclusions: Further research is warranted.,0
DUM-IRR-00375,Association of insulin with outcomes in type 2 diabetes,Background: Type 2 Diabetes is a major public health problem. Methods: In this study (n=1718) we evaluated HbA1c and clinical outcomes. Results: Significant associations were observed (p=0.0255). Conclusions: Further research is warranted.,0
DUM-IRR-00227,Preclinical evaluation of meta-analysis in a systematic review model,Background: Systematic Review is a major public health problem. Methods: In this study (n=1999) we evaluated systematic review and clinical outcomes. Results: Significant associations were observed (p=0.0018). Conclusions: Further research is warranted.,0
DUM-IRR-00251,Association of insulin with outcomes in type 2 diabetes,Objective: To summarize evidence for type 2 diabetes. We performed a systematic review and meta-analysis following PRISMA. Results: 21 studies were included. Conclusions: Evidence quality was variable.,0
DUM-IRR-00256,Association of blood pressure with outcomes in cardiovascular disease,"Methods: Using a murine model (n=38), we assessed statin and mechanistic endpoints. Results: blood pressure altered pathway activity. Conclusions: Findings support preclinical development.",0
DUM-IRR-00326,Meta-analysis of interventions for breast cancer,Objective: To summarize evidence for breast cancer. We performed a systematic review and meta-analysis following PRISMA. Results: 23 studies were included. Conclusions: Evidence quality was variable.,0
DUM-IRR-00088,Effects of HbA1c on biomarkers in type 2 diabetes: a cohort study,Background: Type 2 Diabetes is a major public health problem. Methods: In this study (n=1689) we evaluated insulin and clinical outcomes. Results: Significant associations were observed (p=0.0253). Conclusions: Further research is warranted.,0
DUM-IRR-00339,Meta-analysis of interventions for type 2 diabetes,Objective: To summarize evidence for type 2 diabetes. We performed a systematic review and meta-analysis following PRISMA. Results: 37 studies were included. Conclusions: Evidence quality was variable.,0
DUM-IRR-00191,Effects of systematic review on biomarkers in systematic review: a cohort study,"Methods: Using a murine model (n=22), we assessed meta-analysis and mechanistic endpoints. Results: systematic review altered pathway activity. Conclusions: Findings support preclinical development.",0
DUM-IRR-00213,Mouse Model Study management guidelines: an updated review,"Methods: Using a murine model (n=38), we assessed murine and mechanistic endpoints. Results: murine altered pathway activity. Conclusions: Findings support preclinical development.",0
DUM-IRR-00349,Preclinical evaluation of murine in a mouse model study model,Background: Mouse Model Study is a major public health problem. Methods: In this study (n=1731) we evaluated knockout and clinical outcomes. Results: Significant associations were observed (p=0.014). Conclusions: Further research is warranted.,0
DUM-CLL-00035,ibrutinib versus chemoimmunotherapy in high-risk cytogenetics: a randomized controlled trial,Background: Frontline therapy for CLL has evolved. Methods: We conducted a randomized controlled trial in high-risk cytogenetics. Participants (n=691) were assigned to receive ibrutinib or chemoimmunotherapy. The primary endpoint was progression-free survival. Results: progression-free survival was improved with ibrutinib (HR 0.57; 95% CI 0.37 to 0.86; p=0.028). Conclusions: ibrutinib improved progression-free survival compared with chemoimmunotherapy.,1
DUM-IRR-00305,Breast Cancer management guidelines: an updated review,Objective: To summarize evidence for breast cancer. We performed a systematic review and meta-analysis following PRISMA. Results: 15 studies were included. Conclusions: Evidence quality was variable.,0
DUM-IRR-00134,Preclinical evaluation of metastatic in a breast cancer model,Objective: To summarize evidence for breast cancer. We performed a systematic review and meta-analysis following PRISMA. Results: 24 studies were included. Conclusions: Evidence quality was variable.,0
DUM-IRR-00379,Meta-analysis of interventions for COVID-19,"Methods: Using a murine model (n=40), we assessed SARS-CoV-2 and mechanistic endpoints. Results: variant altered pathway activity. Conclusions: Findings support preclinical development.",0
DUM-IRR-00034,Meta-analysis of interventions for cardiovascular disease,"Methods: Using a murine model (n=30), we assessed statin and mechanistic endpoints. Results: statin altered pathway activity. Conclusions: Findings support preclinical development.",0
DUM-IRR-00460,Association of metastatic with outcomes in breast cancer,Background: Breast Cancer is a major public health problem. Methods: In this study (n=517) we evaluated HER2 and clinical outcomes. Results: Significant associations were observed (p=0.0279). Conclusions: Further research is warranted.,0
DUM-IRR-00117,Association of cognitive decline with outcomes in Alzheimer disease,Background: Alzheimer Disease is a major public health problem. Methods: In this study (n=214) we evaluated dementia and clinical outcomes. Results: Significant associations were observed (p=0.0071). Conclusions: Further research is warranted.,0
DUM-IRR-00359,Meta-analysis of interventions for Alzheimer disease,Background: Alzheimer Disease is a major public health problem. Methods: In this study (n=647) we evaluated cognitive decline and clinical outcomes. Results: Significant associations were observed (p=0.0482). Conclusions: Further research is warranted.,0
DUM-CLL-00076,acalabrutinib versus bendamustine-rituximab in older patients: a randomized controlled trial,Background: Chronic lymphocytic leukemia (CLL) remains incurable. Methods: We conducted a randomized controlled trial in older patients. Participants (n=296) were assigned to receive acalabrutinib or bendamustine-rituximab. The primary endpoint was overall survival. Results: overall survival was improved with acalabrutinib (HR 0.47; 95% CI 0.28 to 0.73; p=0.0178). Conclusions: acalabrutinib improved overall survival compared with bendamustine-rituximab.,1
DUM-CLL-00048,acalabrutinib versus bendamustine-rituximab in high-risk cytogenetics: a randomized controlled trial,Background: Chronic lymphocytic leukemia (CLL) remains incurable. Methods: We conducted a randomized controlled trial in high-risk cytogenetics. Participants (n=442) were assigned to receive acalabrutinib or bendamustine-rituximab. The primary endpoint was progression-free survival. Results: progression-free survival was improved with acalabrutinib (HR 0.71; 95% CI 0.65 to 0.91; p=0.0495). Conclusions: acalabrutinib improved progression-free survival compared with bendamustine-rituximab.,1
DUM-IRR-00353,Meta-analysis of interventions for systematic review,"Methods: Using a murine model (n=30), we assessed meta-analysis and mechanistic endpoints. Results: network meta-analysis altered pathway activity. Conclusions: Findings support preclinical development.",0
DUM-CLL-00010,venetoclax plus obinutuzumab versus chlorambucil plus obinutuzumab in high-risk cytogenetics: a multicenter study,Background: Frontline therapy for CLL has evolved. Methods: We conducted a multicenter study in high-risk cytogenetics. Participants (n=321) were assigned to receive venetoclax plus obinutuzumab or chlorambucil plus obinutuzumab. The primary endpoint was overall survival. Results: overall survival was improved with venetoclax plus obinutuzumab (HR 0.85; 95% CI 0.71 to 1.13; p=0.0045). Conclusions: venetoclax plus obinutuzumab improved overall survival compared with chlorambucil plus obinutuzumab.,1
DUM-IRR-00051,Association of cognitive decline with outcomes in Alzheimer disease,Objective: To summarize evidence for Alzheimer disease. We performed a systematic review and meta-analysis following PRISMA. Results: 44 studies were included. Conclusions: Evidence quality was variable.,0
DUM-IRR-00128,Meta-analysis of interventions for COVID-19,Background: Covid-19 is a major public health problem. Methods: In this study (n=543) we evaluated PCR and clinical outcomes. Results: Significant associations were observed (p=0.0492). Conclusions: Further research is warranted.,0
DUM-IRR-00210,Cardiovascular Disease management guidelines: an updated review,Background: Cardiovascular Disease is a major public health problem. Methods: In this study (n=1526) we evaluated blood pressure and clinical outcomes. Results: Significant associations were observed (p=0.0492). Conclusions: Further research is warranted.,0
DUM-IRR-00321,Meta-analysis of interventions for breast cancer,Objective: To summarize evidence for breast cancer. We performed a systematic review and meta-analysis following PRISMA. Results: 10 studies were included. Conclusions: Evidence quality was variable.,0
DUM-IRR-00481,Effects of SARS-CoV-2 on biomarkers in COVID-19: a cohort study,Objective: To summarize evidence for COVID-19. We performed a systematic review and meta-analysis following PRISMA. Results: 22 studies were included. Conclusions: Evidence quality was variable.,0
DUM-CLL-00020,venetoclax plus obinutuzumab versus FCR in treatment-naive patients: a double-blind trial,Background: Chronic lymphocytic leukemia (CLL) remains incurable. Methods: We conducted a double-blind trial in treatment-naive patients. Participants (n=774) were assigned to receive venetoclax plus obinutuzumab or FCR. The primary endpoint was response rate. Results: response rate was improved with venetoclax plus obinutuzumab (HR 0.79; 95% CI 0.71 to 0.86; p=0.0146). Conclusions: venetoclax plus obinutuzumab improved response rate compared with FCR.,1
DUM-CLL-00087,acalabrutinib versus chemoimmunotherapy in del(17p) or TP53 mutation: a randomized controlled trial,Background: Chronic lymphocytic leukemia (CLL) remains incurable. Methods: We conducted a randomized controlled trial in del(17p) or TP53 mutation. Participants (n=467) were assigned to receive acalabrutinib or chemoimmunotherapy. The primary endpoint was time to next treatment. Results: time to next treatment was improved with acalabrutinib (HR 0.88; 95% CI 0.77 to 1.0; p=0.0434). Conclusions: acalabrutinib improved time to next treatment compared with chemoimmunotherapy.,1
DUM-IRR-00292,Effects of network meta-analysis on biomarkers in systematic review: a cohort study,"Methods: Using a murine model (n=32), we assessed PRISMA and mechanistic endpoints. Results: network meta-analysis altered pathway activity. Conclusions: Findings support preclinical development.",0
DUM-IRR-00003,Association of preclinical with outcomes in mouse model study,"Methods: Using a murine model (n=17), we assessed preclinical and mechanistic endpoints. Results: knockout altered pathway activity. Conclusions: Findings support preclinical development.",0
DUM-CLL-00023,ibrutinib versus bendamustine-rituximab in older patients: a randomized controlled trial,Background: Frontline therapy for CLL has evolved. Methods: We conducted a randomized controlled trial in older patients. Participants (n=350) were assigned to receive ibrutinib or bendamustine-rituximab. The primary endpoint was overall survival. Results: overall survival was improved with ibrutinib (HR 0.86; 95% CI 0.77 to 1.07; p=0.0001). Conclusions: ibrutinib improved overall survival compared with bendamustine-rituximab.,1
DUM-CLL-00014,venetoclax plus obinutuzumab versus placebo in high-risk cytogenetics: a randomized controlled trial,Background: Frontline therapy for CLL has evolved. Methods: We conducted a randomized controlled trial in high-risk cytogenetics. Participants (n=511) were assigned to receive venetoclax plus obinutuzumab or placebo. The primary endpoint was progression-free survival. Results: progression-free survival was improved with venetoclax plus obinutuzumab (HR 0.78; 95% CI 0.61 to 0.85; p=0.018). Conclusions: venetoclax plus obinutuzumab improved progression-free survival compared with placebo.,1
DUM-IRR-00012,Meta-analysis of interventions for mouse model study,"Methods: Using a murine model (n=58), we assessed cell line and mechanistic endpoints. Results: murine altered pathway activity. Conclusions: Findings support preclinical development.",0
DUM-IRR-00389,Meta-analysis of interventions for cardiovascular disease,Objective: To summarize evidence for cardiovascular disease. We performed a systematic review and meta-analysis following PRISMA. Results: 39 studies were included. Conclusions: Evidence quality was variable.,0
DUM-IRR-00378,Cardiovascular Disease management guidelines: an updated review,Objective: To summarize evidence for cardiovascular disease. We performed a systematic review and meta-analysis following PRISMA. Results: 17 studies were included. Conclusions: Evidence quality was variable.,0
DUM-IRR-00448,Association of blood pressure with outcomes in cardiovascular disease,Objective: To summarize evidence for cardiovascular disease. We performed a systematic review and meta-analysis following PRISMA. Results: 17 studies were included. Conclusions: Evidence quality was variable.,0
DUM-IRR-00494,Association of PRISMA with outcomes in systematic review,Background: Systematic Review is a major public health problem. Methods: In this study (n=1276) we evaluated PRISMA and clinical outcomes. Results: Significant associations were observed (p=0.0038). Conclusions: Further research is warranted.,0
DUM-IRR-00324,Effects of angiography on biomarkers in cardiovascular disease: a cohort study,"Methods: Using a murine model (n=22), we assessed angiography and mechanistic endpoints. Results: angiography altered pathway activity. Conclusions: Findings support preclinical development.",0
DUM-IRR-00295,Preclinical evaluation of murine in a mouse model study model,Objective: To summarize evidence for mouse model study. We performed a systematic review and meta-analysis following PRISMA. Results: 21 studies were included. Conclusions: Evidence quality was variable.,0
DUM-IRR-00201,Meta-analysis of interventions for systematic review,Background: Systematic Review is a major public health problem. Methods: In this study (n=765) we evaluated systematic review and clinical outcomes. Results: Significant associations were observed (p=0.0375). Conclusions: Further research is warranted.,0
DUM-IRR-00430,Meta-analysis of interventions for type 2 diabetes,Background: Type 2 Diabetes is a major public health problem. Methods: In this study (n=1293) we evaluated GLP-1 and clinical outcomes. Results: Significant associations were observed (p=0.0394). Conclusions: Further research is warranted.,0
DUM-IRR-00307,Effects of PCR on biomarkers in COVID-19: a cohort study,Background: Covid-19 is a major public health problem. Methods: In this study (n=713) we evaluated variant and clinical outcomes. Results: Significant associations were observed (p=0.0411). Conclusions: Further research is warranted.,0
DUM-IRR-00354,Association of in vivo with outcomes in mouse model study,Background: Mouse Model Study is a major public health problem. Methods: In this study (n=1229) we evaluated preclinical and clinical outcomes. Results: Significant associations were observed (p=0.0152). Conclusions: Further research is warranted.,0
DUM-IRR-00468,Systematic Review management guidelines: an updated review,Background: Systematic Review is a major public health problem. Methods: In this study (n=1610) we evaluated network meta-analysis and clinical outcomes. Results: Significant associations were observed (p=0.0047). Conclusions: Further research is warranted.,0
DUM-IRR-00400,Type 2 Diabetes management guidelines: an updated review,Background: Type 2 Diabetes is a major public health problem. Methods: In this study (n=1949) we evaluated metformin and clinical outcomes. Results: Significant associations were observed (p=0.0364). Conclusions: Further research is warranted.,0
DUM-IRR-00013,Association of cognitive decline with outcomes in Alzheimer disease,"Methods: Using a murine model (n=30), we assessed amyloid and mechanistic endpoints. Results: cognitive decline altered pathway activity. Conclusions: Findings support preclinical development.",0
DUM-IRR-00199,Meta-analysis of interventions for type 2 diabetes,Background: Type 2 Diabetes is a major public health problem. Methods: In this study (n=967) we evaluated metformin and clinical outcomes. Results: Significant associations were observed (p=0.0355). Conclusions: Further research is warranted.,0
DUM-IRR-00032,Mouse Model Study management guidelines: an updated review,Background: Mouse Model Study is a major public health problem. Methods: In this study (n=1937) we evaluated in vivo and clinical outcomes. Results: Significant associations were observed (p=0.0238). Conclusions: Further research is warranted.,0
DUM-IRR-00426,Mouse Model Study management guidelines: an updated review,Objective: To summarize evidence for mouse model study. We performed a systematic review and meta-analysis following PRISMA. Results: 42 studies were included. Conclusions: Evidence quality was variable.,0
DUM-IRR-00272,Preclinical evaluation of HbA1c in a type 2 diabetes model,Background: Type 2 Diabetes is a major public health problem. Methods: In this study (n=1248) we evaluated HbA1c and clinical outcomes. Results: Significant associations were observed (p=0.0347). Conclusions: Further research is warranted.,0
DUM-IRR-00100,Meta-analysis of interventions for type 2 diabetes,Objective: To summarize evidence for type 2 diabetes. We performed a systematic review and meta-analysis following PRISMA. Results: 29 studies were included. Conclusions: Evidence quality was variable.,0
DUM-IRR-00269,Alzheimer Disease management guidelines: an updated review,"Methods: Using a murine model (n=59), we assessed amyloid and mechanistic endpoints. Results: dementia altered pathway activity. Conclusions: Findings support preclinical development.",0
DUM-IRR-00129,Covid-19 management guidelines: an updated review,Objective: To summarize evidence for COVID-19. We performed a systematic review and meta-analysis following PRISMA. Results: 13 studies were included. Conclusions: Evidence quality was variable.,0
DUM-CLL-00084,acalabrutinib versus FCR in older patients: a phase 3 trial,Background: Frontline therapy for CLL has evolved. Methods: We conducted a phase 3 trial in older patients. Participants (n=371) were assigned to receive acalabrutinib or FCR. The primary endpoint was response rate. Results: response rate was improved with acalabrutinib (HR 0.49; 95% CI 0.32 to 0.68; p=0.0213). Conclusions: acalabrutinib improved response rate compared with FCR.,1
DUM-IRR-00185,Meta-analysis of interventions for COVID-19,Objective: To summarize evidence for COVID-19. We performed a systematic review and meta-analysis following PRISMA. Results: 41 studies were included. Conclusions: Evidence quality was variable.,0
DUM-IRR-00103,Association of GLP-1 with outcomes in type 2 diabetes,Background: Type 2 Diabetes is a major public health problem. Methods: In this study (n=1774) we evaluated metformin and clinical outcomes. Results: Significant associations were observed (p=0.0093). Conclusions: Further research is warranted.,0
DUM-IRR-00410,Effects of murine on biomarkers in mouse model study: a cohort study,Background: Mouse Model Study is a major public health problem. Methods: In this study (n=991) we evaluated cell line and clinical outcomes. Results: Significant associations were observed (p=0.0178). Conclusions: Further research is warranted.,0
DUM-IRR-00498,Preclinical evaluation of systematic review in a systematic review model,Background: Systematic Review is a major public health problem. Methods: In this study (n=930) we evaluated systematic review and clinical outcomes. Results: Significant associations were observed (p=0.0143). Conclusions: Further research is warranted.,0
DUM-IRR-00230,Effects of cognitive decline on biomarkers in Alzheimer disease: a cohort study,Objective: To summarize evidence for Alzheimer disease. We performed a systematic review and meta-analysis following PRISMA. Results: 16 studies were included. Conclusions: Evidence quality was variable.,0
DUM-CLL-00009,zanubrutinib versus placebo in del(17p) or TP53 mutation: a multicenter study,Background: Chronic lymphocytic leukemia (CLL) remains incurable. Methods: We conducted a multicenter study in del(17p) or TP53 mutation. Participants (n=685) were assigned to receive zanubrutinib or placebo. The primary endpoint was progression-free survival. Results: progression-free survival was improved with zanubrutinib (HR 0.7; 95% CI 0.62 to 0.99; p=0.0388). Conclusions: zanubrutinib improved progression-free survival compared with placebo.,1
DUM-IRR-00439,Systematic Review management guidelines: an updated review,Background: Systematic Review is a major public health problem. Methods: In this study (n=354) we evaluated systematic review and clinical outcomes. Results: Significant associations were observed (p=0.0233). Conclusions: Further research is warranted.,0
DUM-IRR-00161,Meta-analysis of interventions for systematic review,Objective: To summarize evidence for systematic review. We performed a systematic review and meta-analysis following PRISMA. Results: 20 studies were included. Conclusions: Evidence quality was variable.,0
DUM-IRR-00077,Association of knockout with outcomes in mouse model study,Background: Mouse Model Study is a major public health problem. Methods: In this study (n=440) we evaluated cell line and clinical outcomes. Results: Significant associations were observed (p=0.0366). Conclusions: Further research is warranted.,0
DUM-CLL-00038,acalabrutinib versus bendamustine-rituximab in older patients: a multicenter study,Background: Chronic lymphocytic leukemia (CLL) remains incurable. Methods: We conducted a multicenter study in older patients. Participants (n=373) were assigned to receive acalabrutinib or bendamustine-rituximab. The primary endpoint was progression-free survival. Results: progression-free survival was improved with acalabrutinib (HR 0.45; 95% CI 0.38 to 0.67; p=0.0004). Conclusions: acalabrutinib improved progression-free survival compared with bendamustine-rituximab.,1
DUM-IRR-00037,Systematic Review management guidelines: an updated review,Background: Systematic Review is a major public health problem. Methods: In this study (n=1146) we evaluated PRISMA and clinical outcomes. Results: Significant associations were observed (p=0.0047). Conclusions: Further research is warranted.,0
DUM-IRR-00193,Meta-analysis of interventions for Alzheimer disease,Objective: To summarize evidence for Alzheimer disease. We performed a systematic review and meta-analysis following PRISMA. Results: 24 studies were included. Conclusions: Evidence quality was variable.,0
DUM-IRR-00024,Preclinical evaluation of metastatic in a breast cancer model,Background: Breast Cancer is a major public health problem. Methods: In this study (n=147) we evaluated tamoxifen and clinical outcomes. Results: Significant associations were observed (p=0.0319). Conclusions: Further research is warranted.,0
DUM-IRR-00281,Cardiovascular Disease management guidelines: an updated review,Objective: To summarize evidence for cardiovascular disease. We performed a systematic review and meta-analysis following PRISMA. Results: 20 studies were included. Conclusions: Evidence quality was variable.,0
DUM-IRR-00096,Mouse Model Study management guidelines: an updated review,Objective: To summarize evidence for mouse model study. We performed a systematic review and meta-analysis following PRISMA. Results: 42 studies were included. Conclusions: Evidence quality was variable.,0
DUM-IRR-00345,Meta-analysis of interventions for breast cancer,Objective: To summarize evidence for breast cancer. We performed a systematic review and meta-analysis following PRISMA. Results: 13 studies were included. Conclusions: Evidence quality was variable.,0
DUM-IRR-00111,Meta-analysis of interventions for systematic review,"Methods: Using a murine model (n=38), we assessed meta-analysis and mechanistic endpoints. Results: network meta-analysis altered pathway activity. Conclusions: Findings support preclinical development.",0
DUM-IRR-00402,Meta-analysis of interventions for systematic review,Background: Systematic Review is a major public health problem. Methods: In this study (n=1083) we evaluated network meta-analysis and clinical outcomes. Results: Significant associations were observed (p=0.0371). Conclusions: Further research is warranted.,0
DUM-IRR-00406,Covid-19 management guidelines: an updated review,Background: Covid-19 is a major public health problem. Methods: In this study (n=1828) we evaluated PCR and clinical outcomes. Results: Significant associations were observed (p=0.0421). Conclusions: Further research is warranted.,0
DUM-IRR-00469,Meta-analysis of interventions for type 2 diabetes,"Methods: Using a murine model (n=44), we assessed metformin and mechanistic endpoints. Results: metformin altered pathway activity. Conclusions: Findings support preclinical development.",0
DUM-IRR-00429,Association of insulin with outcomes in type 2 diabetes,"Methods: Using a murine model (n=16), we assessed GLP-1 and mechanistic endpoints. Results: metformin altered pathway activity. Conclusions: Findings support preclinical development.",0
DUM-IRR-00093,Effects of murine on biomarkers in mouse model study: a cohort study,Objective: To summarize evidence for mouse model study. We performed a systematic review and meta-analysis following PRISMA. Results: 28 studies were included. Conclusions: Evidence quality was variable.,0
DUM-IRR-00023,Covid-19 management guidelines: an updated review,Background: Covid-19 is a major public health problem. Methods: In this study (n=1983) we evaluated vaccine and clinical outcomes. Results: Significant associations were observed (p=0.0352). Conclusions: Further research is warranted.,0
DUM-IRR-00317,Preclinical evaluation of knockout in a mouse model study model,Objective: To summarize evidence for mouse model study. We performed a systematic review and meta-analysis following PRISMA. Results: 16 studies were included. Conclusions: Evidence quality was variable.,0
DUM-IRR-00074,Alzheimer Disease management guidelines: an updated review,"Methods: Using a murine model (n=24), we assessed dementia and mechanistic endpoints. Results: cognitive decline altered pathway activity. Conclusions: Findings support preclinical development.",0
DUM-IRR-00067,Alzheimer Disease management guidelines: an updated review,"Methods: Using a murine model (n=18), we assessed amyloid and mechanistic endpoints. Results: amyloid altered pathway activity. Conclusions: Findings support preclinical development.",0
DUM-CLL-00055,acalabrutinib versus chlorambucil plus obinutuzumab in del(17p) or TP53 mutation: a multicenter study,Background: Frontline therapy for CLL has evolved. Methods: We conducted a multicenter study in del(17p) or TP53 mutation. Participants (n=383) were assigned to receive acalabrutinib or chlorambucil plus obinutuzumab. The primary endpoint was time to next treatment. Results: time to next treatment was improved with acalabrutinib (HR 0.8; 95% CI 0.72 to 1.01; p=0.0044). Conclusions: acalabrutinib improved time to next treatment compared with chlorambucil plus obinutuzumab.,1
DUM-IRR-00020,Alzheimer Disease management guidelines: an updated review,Objective: To summarize evidence for Alzheimer disease. We performed a systematic review and meta-analysis following PRISMA. Results: 19 studies were included. Conclusions: Evidence quality was variable.,0
DUM-IRR-00427,Preclinical evaluation of meta-analysis in a systematic review model,Objective: To summarize evidence for systematic review. We performed a systematic review and meta-analysis following PRISMA. Results: 38 studies were included. Conclusions: Evidence quality was variable.,0
DUM-IRR-00489,Effects of insulin on biomarkers in type 2 diabetes: a cohort study,Background: Type 2 Diabetes is a major public health problem. Methods: In this study (n=132) we evaluated metformin and clinical outcomes. Results: Significant associations were observed (p=0.0486). Conclusions: Further research is warranted.,0
DUM-IRR-00482,Effects of systematic review on biomarkers in systematic review: a cohort study,Objective: To summarize evidence for systematic review. We performed a systematic review and meta-analysis following PRISMA. Results: 21 studies were included. Conclusions: Evidence quality was variable.,0
DUM-IRR-00240,Preclinical evaluation of murine in a mouse model study model,"Methods: Using a murine model (n=19), we assessed murine and mechanistic endpoints. Results: in vivo altered pathway activity. Conclusions: Findings support preclinical development.",0
DUM-IRR-00451,Systematic Review management guidelines: an updated review,"Methods: Using a murine model (n=24), we assessed network meta-analysis and mechanistic endpoints. Results: systematic review altered pathway activity. Conclusions: Findings support preclinical development.",0
DUM-IRR-00075,Association of PRISMA with outcomes in systematic review,"Methods: Using a murine model (n=23), we assessed PRISMA and mechanistic endpoints. Results: PRISMA altered pathway activity. Conclusions: Findings support preclinical development.",0
DUM-IRR-00441,Association of PRISMA with outcomes in systematic review,"Methods: Using a murine model (n=31), we assessed meta-analysis and mechanistic endpoints. Results: network meta-analysis altered pathway activity. Conclusions: Findings support preclinical development.",0
DUM-IRR-00010,Preclinical evaluation of tamoxifen in a breast cancer model,Objective: To summarize evidence for breast cancer. We performed a systematic review and meta-analysis following PRISMA. Results: 40 studies were included. Conclusions: Evidence quality was variable.,0
DUM-IRR-00066,Association of PRISMA with outcomes in systematic review,"Methods: Using a murine model (n=53), we assessed network meta-analysis and mechanistic endpoints. Results: network meta-analysis altered pathway activity. Conclusions: Findings support preclinical development.",0
DUM-CLL-00051,zanubrutinib versus chemoimmunotherapy in older patients: a multicenter study,Background: Chronic lymphocytic leukemia (CLL) remains incurable. Methods: We conducted a multicenter study in older patients. Participants (n=527) were assigned to receive zanubrutinib or chemoimmunotherapy. The primary endpoint was time to next treatment. Results: time to next treatment was improved with zanubrutinib (HR 0.86; 95% CI 0.73 to 1.04; p=0.0399). Conclusions: zanubrutinib improved time to next treatment compared with chemoimmunotherapy.,1
DUM-IRR-00334,Effects of blood pressure on biomarkers in cardiovascular disease: a cohort study,"Methods: Using a murine model (n=10), we assessed myocardial infarction and mechanistic endpoints. Results: blood pressure altered pathway activity. Conclusions: Findings support preclinical development.",0
DUM-IRR-00257,Effects of network meta-analysis on biomarkers in systematic review: a cohort study,"Methods: Using a murine model (n=14), we assessed meta-analysis and mechanistic endpoints. Results: PRISMA altered pathway activity. Conclusions: Findings support preclinical development.",0
DUM-IRR-00184,Effects of cognitive decline on biomarkers in Alzheimer disease: a cohort study,Background: Alzheimer Disease is a major public health problem. Methods: In this study (n=1022) we evaluated dementia and clinical outcomes. Results: Significant associations were observed (p=0.0426). Conclusions: Further research is warranted.,0
DUM-IRR-00335,Association of angiography with outcomes in cardiovascular disease,Background: Cardiovascular Disease is a major public health problem. Methods: In this study (n=884) we evaluated myocardial infarction and clinical outcomes. Results: Significant associations were observed (p=0.0199). Conclusions: Further research is warranted.,0
DUM-IRR-00276,Meta-analysis of interventions for breast cancer,"Methods: Using a murine model (n=50), we assessed metastatic and mechanistic endpoints. Results: metastatic altered pathway activity. Conclusions: Findings support preclinical development.",0
DUM-IRR-00118,Meta-analysis of interventions for breast cancer,Background: Breast Cancer is a major public health problem. Methods: In this study (n=993) we evaluated metastatic and clinical outcomes. Results: Significant associations were observed (p=0.0044). Conclusions: Further research is warranted.,0
DUM-IRR-00390,Association of myocardial infarction with outcomes in cardiovascular disease,Objective: To summarize evidence for cardiovascular disease. We performed a systematic review and meta-analysis following PRISMA. Results: 25 studies were included. Conclusions: Evidence quality was variable.,0
DUM-IRR-00392,Preclinical evaluation of cognitive decline in a Alzheimer disease model,Background: Alzheimer Disease is a major public health problem. Methods: In this study (n=287) we evaluated cognitive decline and clinical outcomes. Results: Significant associations were observed (p=0.0388). Conclusions: Further research is warranted.,0
DUM-IRR-00431,Preclinical evaluation of SARS-CoV-2 in a COVID-19 model,Background: Covid-19 is a major public health problem. Methods: In this study (n=1255) we evaluated variant and clinical outcomes. Results: Significant associations were observed (p=0.0215). Conclusions: Further research is warranted.,0
DUM-IRR-00413,Preclinical evaluation of aromatase inhibitor in a breast cancer model,Background: Breast Cancer is a major public health problem. Methods: In this study (n=1743) we evaluated metastatic and clinical outcomes. Results: Significant associations were observed (p=0.0403). Conclusions: Further research is warranted.,0
DUM-IRR-00007,Alzheimer Disease management guidelines: an updated review,"Methods: Using a murine model (n=55), we assessed amyloid and mechanistic endpoints. Results: tau altered pathway activity. Conclusions: Findings support preclinical development.",0
DUM-CLL-00015,ibrutinib versus chlorambucil plus obinutuzumab in patients with CLL: a multicenter study,Background: Chronic lymphocytic leukemia (CLL) remains incurable. Methods: We conducted a multicenter study in patients with CLL. Participants (n=147) were assigned to receive ibrutinib or chlorambucil plus obinutuzumab. The primary endpoint was time to next treatment. Results: time to next treatment was improved with ibrutinib (HR 0.84; 95% CI 0.7 to 0.97; p=0.0033). Conclusions: ibrutinib improved time to next treatment compared with chlorambucil plus obinutuzumab.,1
DUM-IRR-00108,Meta-analysis of interventions for type 2 diabetes,Objective: To summarize evidence for type 2 diabetes. We performed a systematic review and meta-analysis following PRISMA. Results: 11 studies were included. Conclusions: Evidence quality was variable.,0
DUM-IRR-00259,Meta-analysis of interventions for breast cancer,Background: Breast Cancer is a major public health problem. Methods: In this study (n=1194) we evaluated tamoxifen and clinical outcomes. Results: Significant associations were observed (p=0.0303). Conclusions: Further research is warranted.,0
DUM-IRR-00421,Association of PCR with outcomes in COVID-19,Background: Covid-19 is a major public health problem. Methods: In this study (n=186) we evaluated vaccine and clinical outcomes. Results: Significant associations were observed (p=0.0475). Conclusions: Further research is warranted.,0
DUM-IRR-00226,Meta-analysis of interventions for breast cancer,Background: Breast Cancer is a major public health problem. Methods: In this study (n=1938) we evaluated HER2 and clinical outcomes. Results: Significant associations were observed (p=0.0259). Conclusions: Further research is warranted.,0
DUM-CLL-00041,venetoclax plus obinutuzumab versus FCR in patients with CLL: a phase 3 trial,Background: Frontline therapy for CLL has evolved. Methods: We conducted a phase 3 trial in patients with CLL. Participants (n=759) were assigned to receive venetoclax plus obinutuzumab or FCR. The primary endpoint was time to next treatment. Results: time to next treatment was improved with venetoclax plus obinutuzumab (HR 0.71; 95% CI 0.65 to 0.85; p=0.0133). Conclusions: venetoclax plus obinutuzumab improved time to next treatment compared with FCR.,1
DUM-CLL-00065,zanubrutinib versus FCR in patients with CLL: a phase 3 trial,Background: Frontline therapy for CLL has evolved. Methods: We conducted a phase 3 trial in patients with CLL. Participants (n=299) were assigned to receive zanubrutinib or FCR. The primary endpoint was response rate. Results: response rate was improved with zanubrutinib (HR 0.62; 95% CI 0.48 to 0.8; p=0.0428). Conclusions: zanubrutinib improved response rate compared with FCR.,1
DUM-CLL-00082,zanubrutinib versus placebo in high-risk cytogenetics: a randomized controlled trial,Background: Frontline therapy for CLL has evolved. Methods: We conducted a randomized controlled trial in high-risk cytogenetics. Participants (n=753) were assigned to receive zanubrutinib or placebo. The primary endpoint was overall survival. Results: overall survival was improved with zanubrutinib (HR 0.52; 95% CI 0.39 to 0.63; p=0.0291). Conclusions: zanubrutinib improved overall survival compared with placebo.,1
DUM-IRR-00275,Breast Cancer management guidelines: an updated review,Background: Breast Cancer is a major public health problem. Methods: In this study (n=394) we evaluated tamoxifen and clinical outcomes. Results: Significant associations were observed (p=0.0345). Conclusions: Further research is warranted.,0
DUM-IRR-00107,Effects of angiography on biomarkers in cardiovascular disease: a cohort study,Objective: To summarize evidence for cardiovascular disease. We performed a systematic review and meta-analysis following PRISMA. Results: 35 studies were included. Conclusions: Evidence quality was variable.,0
DUM-IRR-00080,Preclinical evaluation of systematic review in a systematic review model,"Methods: Using a murine model (n=11), we assessed meta-analysis and mechanistic endpoints. Results: network meta-analysis altered pathway activity. Conclusions: Findings support preclinical development.",0
DUM-IRR-00141,Association of PCR with outcomes in COVID-19,Objective: To summarize evidence for COVID-19. We performed a systematic review and meta-analysis following PRISMA. Results: 9 studies were included. Conclusions: Evidence quality was variable.,0
DUM-IRR-00425,Preclinical evaluation of metformin in a type 2 diabetes model,Background: Type 2 Diabetes is a major public health problem. Methods: In this study (n=98) we evaluated insulin and clinical outcomes. Results: Significant associations were observed (p=0.0218). Conclusions: Further research is warranted.,0
DUM-IRR-00507,Preclinical evaluation of metastatic in a breast cancer model,"Methods: Using a murine model (n=54), we assessed tamoxifen and mechanistic endpoints. Results: tamoxifen altered pathway activity. Conclusions: Findings support preclinical development.",0
DUM-IRR-00248,Preclinical evaluation of amyloid in a Alzheimer disease model,Background: Alzheimer Disease is a major public health problem. Methods: In this study (n=579) we evaluated amyloid and clinical outcomes. Results: Significant associations were observed (p=0.0316). Conclusions: Further research is warranted.,0
DUM-IRR-00397,Meta-analysis of interventions for systematic review,Objective: To summarize evidence for systematic review. We performed a systematic review and meta-analysis following PRISMA. Results: 10 studies were included. Conclusions: Evidence quality was variable.,0
DUM-IRR-00202,Effects of vaccine on biomarkers in COVID-19: a cohort study,"Methods: Using a murine model (n=56), we assessed variant and mechanistic endpoints. Results: vaccine altered pathway activity. Conclusions: Findings support preclinical development.",0
DUM-IRR-00026,Meta-analysis of interventions for breast cancer,"Methods: Using a murine model (n=14), we assessed HER2 and mechanistic endpoints. Results: aromatase inhibitor altered pathway activity. Conclusions: Findings support preclinical development.",0
DUM-IRR-00073,Association of metastatic with outcomes in breast cancer,"Methods: Using a murine model (n=41), we assessed HER2 and mechanistic endpoints. Results: tamoxifen altered pathway activity. Conclusions: Findings support preclinical development.",0
DUM-IRR-00357,Association of preclinical with outcomes in mouse model study,"Methods: Using a murine model (n=44), we assessed murine and mechanistic endpoints. Results: in vivo altered pathway activity. Conclusions: Findings support preclinical development.",0
DUM-IRR-00369,Effects of statin on biomarkers in cardiovascular disease: a cohort study,Background: Cardiovascular Disease is a major public health problem. Methods: In this study (n=291) we evaluated statin and clinical outcomes. Results: Significant associations were observed (p=0.002). Conclusions: Further research is warranted.,0
DUM-IRR-00457,Association of PRISMA with outcomes in systematic review,Background: Systematic Review is a major public health problem. Methods: In this study (n=317) we evaluated PRISMA and clinical outcomes. Results: Significant associations were observed (p=0.0262). Conclusions: Further research is warranted.,0
DUM-IRR-00149,Effects of aromatase inhibitor on biomarkers in breast cancer: a cohort study,Background: Breast Cancer is a major public health problem. Methods: In this study (n=515) we evaluated metastatic and clinical outcomes. Results: Significant associations were observed (p=0.0245). Conclusions: Further research is warranted.,0
DUM-IRR-00306,Type 2 Diabetes management guidelines: an updated review,"Methods: Using a murine model (n=13), we assessed GLP-1 and mechanistic endpoints. Results: insulin altered pathway activity. Conclusions: Findings support preclinical development.",0
DUM-IRR-00438,Preclinical evaluation of HER2 in a breast cancer model,Objective: To summarize evidence for breast cancer. We performed a systematic review and meta-analysis following PRISMA. Results: 33 studies were included. Conclusions: Evidence quality was variable.,0
DUM-IRR-00501,Meta-analysis of interventions for breast cancer,Background: Breast Cancer is a major public health problem. Methods: In this study (n=1062) we evaluated aromatase inhibitor and clinical outcomes. Results: Significant associations were observed (p=0.0048). Conclusions: Further research is warranted.,0
DUM-CLL-00056,zanubrutinib versus FCR in treatment-naive patients: a phase 3 trial,Background: Frontline therapy for CLL has evolved. Methods: We conducted a phase 3 trial in treatment-naive patients. Participants (n=469) were assigned to receive zanubrutinib or FCR. The primary endpoint was time to next treatment. Results: time to next treatment was improved with zanubrutinib (HR 0.69; 95% CI 0.54 to 0.92; p=0.0488). Conclusions: zanubrutinib improved time to next treatment compared with FCR.,1
DUM-IRR-00004,Meta-analysis of interventions for mouse model study,Objective: To summarize evidence for mouse model study. We performed a systematic review and meta-analysis following PRISMA. Results: 15 studies were included. Conclusions: Evidence quality was variable.,0
DUM-IRR-00422,Preclinical evaluation of GLP-1 in a type 2 diabetes model,Objective: To summarize evidence for type 2 diabetes. We performed a systematic review and meta-analysis following PRISMA. Results: 37 studies were included. Conclusions: Evidence quality was variable.,0
DUM-CLL-00066,zanubrutinib versus chlorambucil plus obinutuzumab in treatment-naive patients: a multicenter study,Background: Frontline therapy for CLL has evolved. Methods: We conducted a multicenter study in treatment-naive patients. Participants (n=635) were assigned to receive zanubrutinib or chlorambucil plus obinutuzumab. The primary endpoint was time to next treatment. Results: time to next treatment was improved with zanubrutinib (HR 0.73; 95% CI 0.54 to 1.02; p=0.0434). Conclusions: zanubrutinib improved time to next treatment compared with chlorambucil plus obinutuzumab.,1
DUM-CLL-00044,ibrutinib versus bendamustine-rituximab in patients with CLL: a randomized controlled trial,Background: Chronic lymphocytic leukemia (CLL) remains incurable. Methods: We conducted a randomized controlled trial in patients with CLL. Participants (n=778) were assigned to receive ibrutinib or bendamustine-rituximab. The primary endpoint was overall survival. Results: overall survival was improved with ibrutinib (HR 0.71; 95% CI 0.54 to 0.77; p=0.0497). Conclusions: ibrutinib improved overall survival compared with bendamustine-rituximab.,1
DUM-CLL-00061,zanubrutinib versus placebo in high-risk cytogenetics: a phase 3 trial,Background: Frontline therapy for CLL has evolved. Methods: We conducted a phase 3 trial in high-risk cytogenetics. Participants (n=700) were assigned to receive zanubrutinib or placebo. The primary endpoint was overall survival. Results: overall survival was improved with zanubrutinib (HR 0.73; 95% CI 0.62 to 0.84; p=0.0179). Conclusions: zanubrutinib improved overall survival compared with placebo.,1
DUM-IRR-00486,Breast Cancer management guidelines: an updated review,"Methods: Using a murine model (n=39), we assessed HER2 and mechanistic endpoints. Results: metastatic altered pathway activity. Conclusions: Findings support preclinical development.",0
DUM-IRR-00496,Cardiovascular Disease management guidelines: an updated review,Objective: To summarize evidence for cardiovascular disease. We performed a systematic review and meta-analysis following PRISMA. Results: 29 studies were included. Conclusions: Evidence quality was variable.,0
DUM-CLL-00029,ibrutinib versus chlorambucil plus obinutuzumab in older patients: a randomized controlled trial,Background: Chronic lymphocytic leukemia (CLL) remains incurable. Methods: We conducted a randomized controlled trial in older patients. Participants (n=791) were assigned to receive ibrutinib or chlorambucil plus obinutuzumab. The primary endpoint was response rate. Results: response rate was improved with ibrutinib (HR 0.7; 95% CI 0.56 to 0.77; p=0.0185). Conclusions: ibrutinib improved response rate compared with chlorambucil plus obinutuzumab.,1
DUM-CLL-00047,venetoclax plus obinutuzumab versus placebo in treatment-naive patients: a randomized controlled trial,Background: Frontline therapy for CLL has evolved. Methods: We conducted a randomized controlled trial in treatment-naive patients. Participants (n=280) were assigned to receive venetoclax plus obinutuzumab or placebo. The primary endpoint was progression-free survival. Results: progression-free survival was improved with venetoclax plus obinutuzumab (HR 0.59; 95% CI 0.51 to 0.78; p=0.0468). Conclusions: venetoclax plus obinutuzumab improved progression-free survival compared with placebo.,1
DUM-CLL-00012,venetoclax plus obinutuzumab versus bendamustine-rituximab in del(17p) or TP53 mutation: a multicenter study,Background: Frontline therapy for CLL has evolved. Methods: We conducted a multicenter study in del(17p) or TP53 mutation. Participants (n=336) were assigned to receive venetoclax plus obinutuzumab or bendamustine-rituximab. The primary endpoint was time to next treatment. Results: time to next treatment was improved with venetoclax plus obinutuzumab (HR 0.58; 95% CI 0.45 to 0.67; p=0.0401). Conclusions: venetoclax plus obinutuzumab improved time to next treatment compared with bendamustine-rituximab.,1
DUM-IRR-00358,Association of PCR with outcomes in COVID-19,Objective: To summarize evidence for COVID-19. We performed a systematic review and meta-analysis following PRISMA. Results: 21 studies were included. Conclusions: Evidence quality was variable.,0
DUM-IRR-00008,Effects of vaccine on biomarkers in COVID-19: a cohort study,Objective: To summarize evidence for COVID-19. We performed a systematic review and meta-analysis following PRISMA. Results: 12 studies were included. Conclusions: Evidence quality was variable.,0
DUM-IRR-00038,Association of meta-analysis with outcomes in systematic review,"Methods: Using a murine model (n=35), we assessed systematic review and mechanistic endpoints. Results: PRISMA altered pathway activity. Conclusions: Findings support preclinical development.",0
DUM-IRR-00055,Meta-analysis of interventions for COVID-19,Background: Covid-19 is a major public health problem. Methods: In this study (n=278) we evaluated vaccine and clinical outcomes. Results: Significant associations were observed (p=0.0491). Conclusions: Further research is warranted.,0
DUM-IRR-00437,Meta-analysis of interventions for mouse model study,Background: Mouse Model Study is a major public health problem. Methods: In this study (n=945) we evaluated knockout and clinical outcomes. Results: Significant associations were observed (p=0.0313). Conclusions: Further research is warranted.,0
DUM-IRR-00089,Cardiovascular Disease management guidelines: an updated review,Background: Cardiovascular Disease is a major public health problem. Methods: In this study (n=1689) we evaluated angiography and clinical outcomes. Results: Significant associations were observed (p=0.0436). Conclusions: Further research is warranted.,0
DUM-IRR-00264,Effects of systematic review on biomarkers in systematic review: a cohort study,Objective: To summarize evidence for systematic review. We performed a systematic review and meta-analysis following PRISMA. Results: 40 studies were included. Conclusions: Evidence quality was variable.,0
DUM-CLL-00053,zanubrutinib versus chemoimmunotherapy in high-risk cytogenetics: a randomized controlled trial,Background: Chronic lymphocytic leukemia (CLL) remains incurable. Methods: We conducted a randomized controlled trial in high-risk cytogenetics. Participants (n=170) were assigned to receive zanubrutinib or chemoimmunotherapy. The primary endpoint was time to next treatment. Results: time to next treatment was improved with zanubrutinib (HR 0.66; 95% CI 0.53 to 0.78; p=0.0296). Conclusions: zanubrutinib improved time to next treatment compared with chemoimmunotherapy.,1
DUM-IRR-00178,Association of aromatase inhibitor with outcomes in breast cancer,"Methods: Using a murine model (n=50), we assessed tamoxifen and mechanistic endpoints. Results: metastatic altered pathway activity. Conclusions: Findings support preclinical development.",0
DUM-IRR-00242,Meta-analysis of interventions for mouse model study,"Methods: Using a murine model (n=40), we assessed preclinical and mechanistic endpoints. Results: in vivo altered pathway activity. Conclusions: Findings support preclinical development.",0
DUM-IRR-00362,Association of statin with outcomes in cardiovascular disease,"Methods: Using a murine model (n=27), we assessed myocardial infarction and mechanistic endpoints. Results: angiography altered pathway activity. Conclusions: Findings support preclinical development.",0
DUM-IRR-00220,Preclinical evaluation of meta-analysis in a systematic review model,Background: Systematic Review is a major public health problem. Methods: In this study (n=1862) we evaluated systematic review and clinical outcomes. Results: Significant associations were observed (p=0.0037). Conclusions: Further research is warranted.,0
DUM-CLL-00034,venetoclax plus obinutuzumab versus chlorambucil plus obinutuzumab in treatment-naive patients: a randomized controlled trial,Background: Frontline therapy for CLL has evolved. Methods: We conducted a randomized controlled trial in treatment-naive patients. Participants (n=270) were assigned to receive venetoclax plus obinutuzumab or chlorambucil plus obinutuzumab. The primary endpoint was overall survival. Results: overall survival was improved with venetoclax plus obinutuzumab (HR 0.69; 95% CI 0.54 to 0.8; p=0.0088). Conclusions: venetoclax plus obinutuzumab improved overall survival compared with chlorambucil plus obinutuzumab.,1
DUM-CLL-00004,ibrutinib versus chlorambucil plus obinutuzumab in older patients: a double-blind trial,Background: Frontline therapy for CLL has evolved. Methods: We conducted a double-blind trial in older patients. Participants (n=630) were assigned to receive ibrutinib or chlorambucil plus obinutuzumab. The primary endpoint was time to next treatment. Results: time to next treatment was improved with ibrutinib (HR 0.51; 95% CI 0.42 to 0.65; p=0.0229). Conclusions: ibrutinib improved time to next treatment compared with chlorambucil plus obinutuzumab.,1
DUM-IRR-00316,Preclinical evaluation of PRISMA in a systematic review model,Background: Systematic Review is a major public health problem. Methods: In this study (n=603) we evaluated systematic review and clinical outcomes. Results: Significant associations were observed (p=0.0453). Conclusions: Further research is warranted.,0
DUM-IRR-00190,Meta-analysis of interventions for systematic review,"Methods: Using a murine model (n=48), we assessed network meta-analysis and mechanistic endpoints. Results: network meta-analysis altered pathway activity. Conclusions: Findings support preclinical development.",0
DUM-IRR-00070,Preclinical evaluation of insulin in a type 2 diabetes model,Objective: To summarize evidence for type 2 diabetes. We performed a systematic review and meta-analysis following PRISMA. Results: 37 studies were included. Conclusions: Evidence quality was variable.,0
DUM-IRR-00491,Cardiovascular Disease management guidelines: an updated review,Objective: To summarize evidence for cardiovascular disease. We performed a systematic review and meta-analysis following PRISMA. Results: 26 studies were included. Conclusions: Evidence quality was variable.,0
DUM-IRR-00082,Effects of dementia on biomarkers in Alzheimer disease: a cohort study,Background: Alzheimer Disease is a major public health problem. Methods: In this study (n=1232) we evaluated tau and clinical outcomes. Results: Significant associations were observed (p=0.019). Conclusions: Further research is warranted.,0
DUM-IRR-00176,Meta-analysis of interventions for Alzheimer disease,"Methods: Using a murine model (n=41), we assessed cognitive decline and mechanistic endpoints. Results: amyloid altered pathway activity. Conclusions: Findings support preclinical development.",0
DUM-IRR-00477,Preclinical evaluation of tamoxifen in a breast cancer model,"Methods: Using a murine model (n=42), we assessed aromatase inhibitor and mechanistic endpoints. Results: aromatase inhibitor altered pathway activity. Conclusions: Findings support preclinical development.",0
DUM-IRR-00033,Association of cognitive decline with outcomes in Alzheimer disease,"Methods: Using a murine model (n=30), we assessed cognitive decline and mechanistic endpoints. Results: amyloid altered pathway activity. Conclusions: Findings support preclinical development.",0
DUM-IRR-00146,Association of amyloid with outcomes in Alzheimer disease,"Methods: Using a murine model (n=25), we assessed cognitive decline and mechanistic endpoints. Results: amyloid altered pathway activity. Conclusions: Findings support preclinical development.",0
DUM-IRR-00502,Association of PCR with outcomes in COVID-19,Objective: To summarize evidence for COVID-19. We performed a systematic review and meta-analysis following PRISMA. Results: 39 studies were included. Conclusions: Evidence quality was variable.,0
DUM-IRR-00444,Alzheimer Disease management guidelines: an updated review,Background: Alzheimer Disease is a major public health problem. Methods: In this study (n=1683) we evaluated amyloid and clinical outcomes. Results: Significant associations were observed (p=0.0042). Conclusions: Further research is warranted.,0
DUM-CLL-00050,venetoclax plus obinutuzumab versus placebo in patients with CLL: a multicenter study,Background: Chronic lymphocytic leukemia (CLL) remains incurable. Methods: We conducted a multicenter study in patients with CLL. Participants (n=365) were assigned to receive venetoclax plus obinutuzumab or placebo. The primary endpoint was overall survival. Results: overall survival was improved with venetoclax plus obinutuzumab (HR 0.61; 95% CI 0.52 to 0.86; p=0.0405). Conclusions: venetoclax plus obinutuzumab improved overall survival compared with placebo.,1
DUM-IRR-00046,Effects of vaccine on biomarkers in COVID-19: a cohort study,Background: Covid-19 is a major public health problem. Methods: In this study (n=1547) we evaluated SARS-CoV-2 and clinical outcomes. Results: Significant associations were observed (p=0.0268). Conclusions: Further research is warranted.,0
DUM-IRR-00048,Preclinical evaluation of angiography in a cardiovascular disease model,"Methods: Using a murine model (n=56), we assessed myocardial infarction and mechanistic endpoints. Results: angiography altered pathway activity. Conclusions: Findings support preclinical development.",0
DUM-IRR-00081,Systematic Review management guidelines: an updated review,"Methods: Using a murine model (n=47), we assessed meta-analysis and mechanistic endpoints. Results: PRISMA altered pathway activity. Conclusions: Findings support preclinical development.",0
DUM-IRR-00049,Association of myocardial infarction with outcomes in cardiovascular disease,Objective: To summarize evidence for cardiovascular disease. We performed a systematic review and meta-analysis following PRISMA. Results: 26 studies were included. Conclusions: Evidence quality was variable.,0
DUM-IRR-00131,Preclinical evaluation of aromatase inhibitor in a breast cancer model,Background: Breast Cancer is a major public health problem. Methods: In this study (n=1226) we evaluated aromatase inhibitor and clinical outcomes. Results: Significant associations were observed (p=0.0249). Conclusions: Further research is warranted.,0
DUM-IRR-00376,Association of insulin with outcomes in type 2 diabetes,"Methods: Using a murine model (n=16), we assessed metformin and mechanistic endpoints. Results: HbA1c altered pathway activity. Conclusions: Findings support preclinical development.",0
DUM-IRR-00286,Meta-analysis of interventions for breast cancer,Background: Breast Cancer is a major public health problem. Methods: In this study (n=1570) we evaluated HER2 and clinical outcomes. Results: Significant associations were observed (p=0.0223). Conclusions: Further research is warranted.,0
DUM-CLL-00049,venetoclax plus obinutuzumab versus placebo in patients with CLL: a multicenter study,Background: Chronic lymphocytic leukemia (CLL) remains incurable. Methods: We conducted a multicenter study in patients with CLL. Participants (n=758) were assigned to receive venetoclax plus obinutuzumab or placebo. The primary endpoint was progression-free survival. Results: progression-free survival was improved with venetoclax plus obinutuzumab (HR 0.68; 95% CI 0.5 to 0.92; p=0.0349). Conclusions: venetoclax plus obinutuzumab improved progression-free survival compared with placebo.,1
DUM-CLL-00021,acalabrutinib versus placebo in older patients: a double-blind trial,Background: Chronic lymphocytic leukemia (CLL) remains incurable. Methods: We conducted a double-blind trial in older patients. Participants (n=697) were assigned to receive acalabrutinib or placebo. The primary endpoint was response rate. Results: response rate was improved with acalabrutinib (HR 0.73; 95% CI 0.64 to 0.81; p=0.0229). Conclusions: acalabrutinib improved response rate compared with placebo.,1
DUM-IRR-00336,Effects of in vivo on biomarkers in mouse model study: a cohort study,Background: Mouse Model Study is a major public health problem. Methods: In this study (n=1539) we evaluated knockout and clinical outcomes. Results: Significant associations were observed (p=0.0258). Conclusions: Further research is warranted.,0
DUM-IRR-00071,Association of variant with outcomes in COVID-19,"Methods: Using a murine model (n=35), we assessed PCR and mechanistic endpoints. Results: SARS-CoV-2 altered pathway activity. Conclusions: Findings support preclinical development.",0
DUM-IRR-00105,Effects of meta-analysis on biomarkers in systematic review: a cohort study,Background: Systematic Review is a major public health problem. Methods: In this study (n=334) we evaluated meta-analysis and clinical outcomes. Results: Significant associations were observed (p=0.0313). Conclusions: Further research is warranted.,0
DUM-IRR-00139,Preclinical evaluation of systematic review in a systematic review model,Objective: To summarize evidence for systematic review. We performed a systematic review and meta-analysis following PRISMA. Results: 40 studies were included. Conclusions: Evidence quality was variable.,0
DUM-IRR-00414,Cardiovascular Disease management guidelines: an updated review,Objective: To summarize evidence for cardiovascular disease. We performed a systematic review and meta-analysis following PRISMA. Results: 29 studies were included. Conclusions: Evidence quality was variable.,0
DUM-CLL-00006,venetoclax plus obinutuzumab versus chlorambucil plus obinutuzumab in treatment-naive patients: a randomized controlled trial,Background: Frontline therapy for CLL has evolved. Methods: We conducted a randomized controlled trial in treatment-naive patients. Participants (n=140) were assigned to receive venetoclax plus obinutuzumab or chlorambucil plus obinutuzumab. The primary endpoint was time to next treatment. Results: time to next treatment was improved with venetoclax plus obinutuzumab (HR 0.65; 95% CI 0.6 to 0.94; p=0.0282). Conclusions: venetoclax plus obinutuzumab improved time to next treatment compared with chlorambucil plus obinutuzumab.,1
DUM-IRR-00465,Meta-analysis of interventions for cardiovascular disease,"Methods: Using a murine model (n=20), we assessed angiography and mechanistic endpoints. Results: blood pressure altered pathway activity. Conclusions: Findings support preclinical development.",0
DUM-IRR-00181,Meta-analysis of interventions for breast cancer,Background: Breast Cancer is a major public health problem. Methods: In this study (n=1610) we evaluated HER2 and clinical outcomes. Results: Significant associations were observed (p=0.0276). Conclusions: Further research is warranted.,0
DUM-IRR-00412,Effects of aromatase inhibitor on biomarkers in breast cancer: a cohort study,Background: Breast Cancer is a major public health problem. Methods: In this study (n=1814) we evaluated aromatase inhibitor and clinical outcomes. Results: Significant associations were observed (p=0.029). Conclusions: Further research is warranted.,0
DUM-IRR-00044,Association of vaccine with outcomes in COVID-19,Objective: To summarize evidence for COVID-19. We performed a systematic review and meta-analysis following PRISMA. Results: 32 studies were included. Conclusions: Evidence quality was variable.,0
DUM-IRR-00428,Meta-analysis of interventions for Alzheimer disease,Background: Alzheimer Disease is a major public health problem. Methods: In this study (n=1034) we evaluated dementia and clinical outcomes. Results: Significant associations were observed (p=0.0478). Conclusions: Further research is warranted.,0
DUM-IRR-00109,Meta-analysis of interventions for type 2 diabetes,Background: Type 2 Diabetes is a major public health problem. Methods: In this study (n=974) we evaluated GLP-1 and clinical outcomes. Results: Significant associations were observed (p=0.0039). Conclusions: Further research is warranted.,0
DUM-IRR-00104,Meta-analysis of interventions for breast cancer,"Methods: Using a murine model (n=41), we assessed aromatase inhibitor and mechanistic endpoints. Results: tamoxifen altered pathway activity. Conclusions: Findings support preclinical development.",0
DUM-IRR-00029,Effects of variant on biomarkers in COVID-19: a cohort study,Background: Covid-19 is a major public health problem. Methods: In this study (n=102) we evaluated variant and clinical outcomes. Results: Significant associations were observed (p=0.0174). Conclusions: Further research is warranted.,0
DUM-IRR-00182,Meta-analysis of interventions for Alzheimer disease,Background: Alzheimer Disease is a major public health problem. Methods: In this study (n=1024) we evaluated tau and clinical outcomes. Results: Significant associations were observed (p=0.0004). Conclusions: Further research is warranted.,0
DUM-IRR-00368,Effects of PCR on biomarkers in COVID-19: a cohort study,Objective: To summarize evidence for COVID-19. We performed a systematic review and meta-analysis following PRISMA. Results: 36 studies were included. Conclusions: Evidence quality was variable.,0
DUM-IRR-00064,Association of metastatic with outcomes in breast cancer,"Methods: Using a murine model (n=18), we assessed HER2 and mechanistic endpoints. Results: aromatase inhibitor altered pathway activity. Conclusions: Findings support preclinical development.",0
DUM-IRR-00153,Effects of meta-analysis on biomarkers in systematic review: a cohort study,Objective: To summarize evidence for systematic review. We performed a systematic review and meta-analysis following PRISMA. Results: 30 studies were included. Conclusions: Evidence quality was variable.,0
DUM-IRR-00114,Mouse Model Study management guidelines: an updated review,Objective: To summarize evidence for mouse model study. We performed a systematic review and meta-analysis following PRISMA. Results: 35 studies were included. Conclusions: Evidence quality was variable.,0
DUM-IRR-00147,Cardiovascular Disease management guidelines: an updated review,Objective: To summarize evidence for cardiovascular disease. We performed a systematic review and meta-analysis following PRISMA. Results: 28 studies were included. Conclusions: Evidence quality was variable.,0
DUM-IRR-00244,Association of variant with outcomes in COVID-19,Background: Covid-19 is a major public health problem. Methods: In this study (n=1437) we evaluated vaccine and clinical outcomes. Results: Significant associations were observed (p=0.0384). Conclusions: Further research is warranted.,0
DUM-IRR-00331,Meta-analysis of interventions for Alzheimer disease,"Methods: Using a murine model (n=21), we assessed tau and mechanistic endpoints. Results: tau altered pathway activity. Conclusions: Findings support preclinical development.",0
DUM-CLL-00059,ibrutinib versus FCR in older patients: a multicenter study,Background: Chronic lymphocytic leukemia (CLL) remains incurable. Methods: We conducted a multicenter study in older patients. Participants (n=760) were assigned to receive ibrutinib or FCR. The primary endpoint was progression-free survival. Results: progression-free survival was improved with ibrutinib (HR 0.53; 95% CI 0.46 to 0.64; p=0.0275). Conclusions: ibrutinib improved progression-free survival compared with FCR.,1
DUM-IRR-00045,Meta-analysis of interventions for type 2 diabetes,Background: Type 2 Diabetes is a major public health problem. Methods: In this study (n=763) we evaluated metformin and clinical outcomes. Results: Significant associations were observed (p=0.0282). Conclusions: Further research is warranted.,0
DUM-IRR-00424,Effects of systematic review on biomarkers in systematic review: a cohort study,"Methods: Using a murine model (n=38), we assessed network meta-analysis and mechanistic endpoints. Results: meta-analysis altered pathway activity. Conclusions: Findings support preclinical development.",0
DUM-IRR-00500,Mouse Model Study management guidelines: an updated review,Objective: To summarize evidence for mouse model study. We performed a systematic review and meta-analysis following PRISMA. Results: 10 studies were included. Conclusions: Evidence quality was variable.,0
DUM-IRR-00086,Association of PRISMA with outcomes in systematic review,"Methods: Using a murine model (n=17), we assessed network meta-analysis and mechanistic endpoints. Results: meta-analysis altered pathway activity. Conclusions: Findings support preclinical development.",0
DUM-IRR-00360,Covid-19 management guidelines: an updated review,Objective: To summarize evidence for COVID-19. We performed a systematic review and meta-analysis following PRISMA. Results: 28 studies were included. Conclusions: Evidence quality was variable.,0
DUM-IRR-00017,Association of systematic review with outcomes in systematic review,"Methods: Using a murine model (n=54), we assessed PRISMA and mechanistic endpoints. Results: network meta-analysis altered pathway activity. Conclusions: Findings support preclinical development.",0
DUM-IRR-00304,Meta-analysis of interventions for Alzheimer disease,Objective: To summarize evidence for Alzheimer disease. We performed a systematic review and meta-analysis following PRISMA. Results: 16 studies were included. Conclusions: Evidence quality was variable.,0
DUM-IRR-00236,Type 2 Diabetes management guidelines: an updated review,Background: Type 2 Diabetes is a major public health problem. Methods: In this study (n=1063) we evaluated GLP-1 and clinical outcomes. Results: Significant associations were observed (p=0.0297). Conclusions: Further research is warranted.,0
DUM-IRR-00135,Effects of meta-analysis on biomarkers in systematic review: a cohort study,Objective: To summarize evidence for systematic review. We performed a systematic review and meta-analysis following PRISMA. Results: 9 studies were included. Conclusions: Evidence quality was variable.,0
DUM-IRR-00366,Association of aromatase inhibitor with outcomes in breast cancer,Objective: To summarize evidence for breast cancer. We performed a systematic review and meta-analysis following PRISMA. Results: 36 studies were included. Conclusions: Evidence quality was variable.,0
DUM-IRR-00377,Meta-analysis of interventions for cardiovascular disease,Objective: To summarize evidence for cardiovascular disease. We performed a systematic review and meta-analysis following PRISMA. Results: 12 studies were included. Conclusions: Evidence quality was variable.,0
DUM-IRR-00121,Effects of cognitive decline on biomarkers in Alzheimer disease: a cohort study,Background: Alzheimer Disease is a major public health problem. Methods: In this study (n=1989) we evaluated tau and clinical outcomes. Results: Significant associations were observed (p=0.0169). Conclusions: Further research is warranted.,0
DUM-IRR-00163,Meta-analysis of interventions for mouse model study,Objective: To summarize evidence for mouse model study. We performed a systematic review and meta-analysis following PRISMA. Results: 23 studies were included. Conclusions: Evidence quality was variable.,0
DUM-IRR-00415,Covid-19 management guidelines: an updated review,Objective: To summarize evidence for COVID-19. We performed a systematic review and meta-analysis following PRISMA. Results: 38 studies were included. Conclusions: Evidence quality was variable.,0
DUM-IRR-00214,Preclinical evaluation of preclinical in a mouse model study model,Objective: To summarize evidence for mouse model study. We performed a systematic review and meta-analysis following PRISMA. Results: 14 studies were included. Conclusions: Evidence quality was variable.,0
DUM-CLL-00074,zanubrutinib versus FCR in high-risk cytogenetics: a phase 3 trial,Background: Frontline therapy for CLL has evolved. Methods: We conducted a phase 3 trial in high-risk cytogenetics. Participants (n=156) were assigned to receive zanubrutinib or FCR. The primary endpoint was time to next treatment. Results: time to next treatment was improved with zanubrutinib (HR 0.56; 95% CI 0.41 to 0.79; p=0.012). Conclusions: zanubrutinib improved time to next treatment compared with FCR.,1
DUM-IRR-00398,Preclinical evaluation of statin in a cardiovascular disease model,"Methods: Using a murine model (n=46), we assessed angiography and mechanistic endpoints. Results: blood pressure altered pathway activity. Conclusions: Findings support preclinical development.",0
DUM-IRR-00319,Association of tamoxifen with outcomes in breast cancer,Background: Breast Cancer is a major public health problem. Methods: In this study (n=877) we evaluated metastatic and clinical outcomes. Results: Significant associations were observed (p=0.0035). Conclusions: Further research is warranted.,0
DUM-CLL-00016,venetoclax plus obinutuzumab versus placebo in patients with CLL: a randomized controlled trial,Background: Chronic lymphocytic leukemia (CLL) remains incurable. Methods: We conducted a randomized controlled trial in patients with CLL. Participants (n=693) were assigned to receive venetoclax plus obinutuzumab or placebo. The primary endpoint was response rate. Results: response rate was improved with venetoclax plus obinutuzumab (HR 0.6; 95% CI 0.44 to 0.81; p=0.0444). Conclusions: venetoclax plus obinutuzumab improved response rate compared with placebo.,1
DUM-IRR-00180,Association of PRISMA with outcomes in systematic review,"Methods: Using a murine model (n=24), we assessed network meta-analysis and mechanistic endpoints. Results: network meta-analysis altered pathway activity. Conclusions: Findings support preclinical development.",0
DUM-IRR-00480,Effects of statin on biomarkers in cardiovascular disease: a cohort study,Objective: To summarize evidence for cardiovascular disease. We performed a systematic review and meta-analysis following PRISMA. Results: 30 studies were included. Conclusions: Evidence quality was variable.,0
DUM-IRR-00346,Meta-analysis of interventions for Alzheimer disease,Background: Alzheimer Disease is a major public health problem. Methods: In this study (n=1190) we evaluated cognitive decline and clinical outcomes. Results: Significant associations were observed (p=0.0062). Conclusions: Further research is warranted.,0
DUM-IRR-00030,Meta-analysis of interventions for cardiovascular disease,"Methods: Using a murine model (n=20), we assessed statin and mechanistic endpoints. Results: angiography altered pathway activity. Conclusions: Findings support preclinical development.",0
DUM-IRR-00296,Effects of preclinical on biomarkers in mouse model study: a cohort study,"Methods: Using a murine model (n=38), we assessed in vivo and mechanistic endpoints. Results: preclinical altered pathway activity. Conclusions: Findings support preclinical development.",0
DUM-IRR-00268,Systematic Review management guidelines: an updated review,Objective: To summarize evidence for systematic review. We performed a systematic review and meta-analysis following PRISMA. Results: 27 studies were included. Conclusions: Evidence quality was variable.,0
DUM-IRR-00099,Association of metastatic with outcomes in breast cancer,Background: Breast Cancer is a major public health problem. Methods: In this study (n=1253) we evaluated tamoxifen and clinical outcomes. Results: Significant associations were observed (p=0.021). Conclusions: Further research is warranted.,0
DUM-IRR-00138,Mouse Model Study management guidelines: an updated review,"Methods: Using a murine model (n=56), we assessed in vivo and mechanistic endpoints. Results: in vivo altered pathway activity. Conclusions: Findings support preclinical development.",0
DUM-IRR-00247,Meta-analysis of interventions for breast cancer,Background: Breast Cancer is a major public health problem. Methods: In this study (n=344) we evaluated HER2 and clinical outcomes. Results: Significant associations were observed (p=0.0139). Conclusions: Further research is warranted.,0
DUM-CLL-00077,ibrutinib versus chemoimmunotherapy in treatment-naive patients: a phase 3 trial,Background: Chronic lymphocytic leukemia (CLL) remains incurable. Methods: We conducted a phase 3 trial in treatment-naive patients. Participants (n=503) were assigned to receive ibrutinib or chemoimmunotherapy. The primary endpoint was progression-free survival. Results: progression-free survival was improved with ibrutinib (HR 0.67; 95% CI 0.55 to 0.74; p=0.0047). Conclusions: ibrutinib improved progression-free survival compared with chemoimmunotherapy.,1
DUM-IRR-00212,Preclinical evaluation of dementia in a Alzheimer disease model,Objective: To summarize evidence for Alzheimer disease. We performed a systematic review and meta-analysis following PRISMA. Results: 23 studies were included. Conclusions: Evidence quality was variable.,0
DUM-CLL-00089,ibrutinib versus FCR in high-risk cytogenetics: a phase 3 trial,Background: Chronic lymphocytic leukemia (CLL) remains incurable. Methods: We conducted a phase 3 trial in high-risk cytogenetics. Participants (n=199) were assigned to receive ibrutinib or FCR. The primary endpoint was overall survival. Results: overall survival was improved with ibrutinib (HR 0.69; 95% CI 0.49 to 0.76; p=0.0277). Conclusions: ibrutinib improved overall survival compared with FCR.,1
DUM-IRR-00372,Effects of metformin on biomarkers in type 2 diabetes: a cohort study,"Methods: Using a murine model (n=32), we assessed metformin and mechanistic endpoints. Results: insulin altered pathway activity. Conclusions: Findings support preclinical development.",0
DUM-IRR-00433,Association of PRISMA with outcomes in systematic review,"Methods: Using a murine model (n=13), we assessed meta-analysis and mechanistic endpoints. Results: systematic review altered pathway activity. Conclusions: Findings support preclinical development.",0
DUM-CLL-00007,ibrutinib versus placebo in high-risk cytogenetics: a multicenter study,Background: Frontline therapy for CLL has evolved. Methods: We conducted a multicenter study in high-risk cytogenetics. Participants (n=465) were assigned to receive ibrutinib or placebo. The primary endpoint was progression-free survival. Results: progression-free survival was improved with ibrutinib (HR 0.49; 95% CI 0.34 to 0.65; p=0.0062). Conclusions: ibrutinib improved progression-free survival compared with placebo.,1
DUM-IRR-00041,Effects of SARS-CoV-2 on biomarkers in COVID-19: a cohort study,Objective: To summarize evidence for COVID-19. We performed a systematic review and meta-analysis following PRISMA. Results: 33 studies were included. Conclusions: Evidence quality was variable.,0
DUM-IRR-00050,Alzheimer Disease management guidelines: an updated review,Objective: To summarize evidence for Alzheimer disease. We performed a systematic review and meta-analysis following PRISMA. Results: 33 studies were included. Conclusions: Evidence quality was variable.,0
DUM-IRR-00420,Association of variant with outcomes in COVID-19,Background: Covid-19 is a major public health problem. Methods: In this study (n=448) we evaluated vaccine and clinical outcomes. Results: Significant associations were observed (p=0.0206). Conclusions: Further research is warranted.,0
DUM-IRR-00474,Association of systematic review with outcomes in systematic review,Objective: To summarize evidence for systematic review. We performed a systematic review and meta-analysis following PRISMA. Results: 41 studies were included. Conclusions: Evidence quality was variable.,0
DUM-IRR-00492,Systematic Review management guidelines: an updated review,Background: Systematic Review is a major public health problem. Methods: In this study (n=447) we evaluated network meta-analysis and clinical outcomes. Results: Significant associations were observed (p=0.011). Conclusions: Further research is warranted.,0
DUM-IRR-00039,Alzheimer Disease management guidelines: an updated review,Background: Alzheimer Disease is a major public health problem. Methods: In this study (n=1330) we evaluated amyloid and clinical outcomes. Results: Significant associations were observed (p=0.0043). Conclusions: Further research is warranted.,0
DUM-IRR-00423,Preclinical evaluation of PRISMA in a systematic review model,Background: Systematic Review is a major public health problem. Methods: In this study (n=1922) we evaluated systematic review and clinical outcomes. Results: Significant associations were observed (p=0.0465). Conclusions: Further research is warranted.,0
DUM-IRR-00328,Systematic Review management guidelines: an updated review,Background: Systematic Review is a major public health problem. Methods: In this study (n=1615) we evaluated PRISMA and clinical outcomes. Results: Significant associations were observed (p=0.0118). Conclusions: Further research is warranted.,0
DUM-IRR-00168,Meta-analysis of interventions for mouse model study,Background: Mouse Model Study is a major public health problem. Methods: In this study (n=634) we evaluated preclinical and clinical outcomes. Results: Significant associations were observed (p=0.0056). Conclusions: Further research is warranted.,0
DUM-IRR-00411,Meta-analysis of interventions for cardiovascular disease,"Methods: Using a murine model (n=12), we assessed myocardial infarction and mechanistic endpoints. Results: blood pressure altered pathway activity. Conclusions: Findings support preclinical development.",0
DUM-CLL-00042,ibrutinib versus placebo in older patients: a multicenter study,Background: Chronic lymphocytic leukemia (CLL) remains incurable. Methods: We conducted a multicenter study in older patients. Participants (n=789) were assigned to receive ibrutinib or placebo. The primary endpoint was overall survival. Results: overall survival was improved with ibrutinib (HR 0.89; 95% CI 0.78 to 1.16; p=0.0316). Conclusions: ibrutinib improved overall survival compared with placebo.,1
DUM-IRR-00158,Association of SARS-CoV-2 with outcomes in COVID-19,Objective: To summarize evidence for COVID-19. We performed a systematic review and meta-analysis following PRISMA. Results: 11 studies were included. Conclusions: Evidence quality was variable.,0
DUM-IRR-00056,Meta-analysis of interventions for COVID-19,"Methods: Using a murine model (n=24), we assessed variant and mechanistic endpoints. Results: SARS-CoV-2 altered pathway activity. Conclusions: Findings support preclinical development.",0
DUM-CLL-00013,venetoclax plus obinutuzumab versus bendamustine-rituximab in older patients: a double-blind trial,Background: Chronic lymphocytic leukemia (CLL) remains incurable. Methods: We conducted a double-blind trial in older patients. Participants (n=640) were assigned to receive venetoclax plus obinutuzumab or bendamustine-rituximab. The primary endpoint was time to next treatment. Results: time to next treatment was improved with venetoclax plus obinutuzumab (HR 0.8; 95% CI 0.72 to 0.85; p=0.0408). Conclusions: venetoclax plus obinutuzumab improved time to next treatment compared with bendamustine-rituximab.,1
DUM-IRR-00385,Preclinical evaluation of HbA1c in a type 2 diabetes model,Background: Type 2 Diabetes is a major public health problem. Methods: In this study (n=1299) we evaluated insulin and clinical outcomes. Results: Significant associations were observed (p=0.0065). Conclusions: Further research is warranted.,0
DUM-IRR-00059,Meta-analysis of interventions for type 2 diabetes,Background: Type 2 Diabetes is a major public health problem. Methods: In this study (n=1191) we evaluated HbA1c and clinical outcomes. Results: Significant associations were observed (p=0.0356). Conclusions: Further research is warranted.,0
DUM-IRR-00401,Mouse Model Study management guidelines: an updated review,Background: Mouse Model Study is a major public health problem. Methods: In this study (n=1556) we evaluated cell line and clinical outcomes. Results: Significant associations were observed (p=0.0201). Conclusions: Further research is warranted.,0
DUM-CLL-00026,zanubrutinib versus placebo in older patients: a double-blind trial,Background: Chronic lymphocytic leukemia (CLL) remains incurable. Methods: We conducted a double-blind trial in older patients. Participants (n=232) were assigned to receive zanubrutinib or placebo. The primary endpoint was time to next treatment. Results: time to next treatment was improved with zanubrutinib (HR 0.48; 95% CI 0.39 to 0.59; p=0.0348). Conclusions: zanubrutinib improved time to next treatment compared with placebo.,1
DUM-IRR-00311,Meta-analysis of interventions for mouse model study,"Methods: Using a murine model (n=19), we assessed cell line and mechanistic endpoints. Results: murine altered pathway activity. Conclusions: Findings support preclinical development.",0
DUM-CLL-00086,venetoclax plus obinutuzumab versus placebo in patients with CLL: a phase 3 trial,Background: Frontline therapy for CLL has evolved. Methods: We conducted a phase 3 trial in patients with CLL. Participants (n=779) were assigned to receive venetoclax plus obinutuzumab or placebo. The primary endpoint was time to next treatment. Results: time to next treatment was improved with venetoclax plus obinutuzumab (HR 0.5; 95% CI 0.43 to 0.71; p=0.0373). Conclusions: venetoclax plus obinutuzumab improved time to next treatment compared with placebo.,1
DUM-IRR-00445,Type 2 Diabetes management guidelines: an updated review,Objective: To summarize evidence for type 2 diabetes. We performed a systematic review and meta-analysis following PRISMA. Results: 9 studies were included. Conclusions: Evidence quality was variable.,0
DUM-IRR-00152,Effects of angiography on biomarkers in cardiovascular disease: a cohort study,Background: Cardiovascular Disease is a major public health problem. Methods: In this study (n=299) we evaluated myocardial infarction and clinical outcomes. Results: Significant associations were observed (p=0.0157). Conclusions: Further research is warranted.,0
DUM-IRR-00332,Preclinical evaluation of metastatic in a breast cancer model,Objective: To summarize evidence for breast cancer. We performed a systematic review and meta-analysis following PRISMA. Results: 21 studies were included. Conclusions: Evidence quality was variable.,0
DUM-IRR-00435,Cardiovascular Disease management guidelines: an updated review,Background: Cardiovascular Disease is a major public health problem. Methods: In this study (n=1833) we evaluated myocardial infarction and clinical outcomes. Results: Significant associations were observed (p=0.0275). Conclusions: Further research is warranted.,0
DUM-IRR-00043,Type 2 Diabetes management guidelines: an updated review,Background: Type 2 Diabetes is a major public health problem. Methods: In this study (n=799) we evaluated HbA1c and clinical outcomes. Results: Significant associations were observed (p=0.0375). Conclusions: Further research is warranted.,0
DUM-IRR-00436,Preclinical evaluation of HbA1c in a type 2 diabetes model,"Methods: Using a murine model (n=53), we assessed HbA1c and mechanistic endpoints. Results: HbA1c altered pathway activity. Conclusions: Findings support preclinical development.",0
DUM-IRR-00282,Cardiovascular Disease management guidelines: an updated review,Background: Cardiovascular Disease is a major public health problem. Methods: In this study (n=900) we evaluated angiography and clinical outcomes. Results: Significant associations were observed (p=0.0435). Conclusions: Further research is warranted.,0
DUM-IRR-00065,Association of angiography with outcomes in cardiovascular disease,Background: Cardiovascular Disease is a major public health problem. Methods: In this study (n=826) we evaluated angiography and clinical outcomes. Results: Significant associations were observed (p=0.0298). Conclusions: Further research is warranted.,0
DUM-IRR-00293,Association of aromatase inhibitor with outcomes in breast cancer,Objective: To summarize evidence for breast cancer. We performed a systematic review and meta-analysis following PRISMA. Results: 22 studies were included. Conclusions: Evidence quality was variable.,0
DUM-IRR-00215,Meta-analysis of interventions for COVID-19,Background: Covid-19 is a major public health problem. Methods: In this study (n=1009) we evaluated variant and clinical outcomes. Results: Significant associations were observed (p=0.0148). Conclusions: Further research is warranted.,0
DUM-IRR-00265,Association of HbA1c with outcomes in type 2 diabetes,"Methods: Using a murine model (n=59), we assessed metformin and mechanistic endpoints. Results: metformin altered pathway activity. Conclusions: Findings support preclinical development.",0
DUM-CLL-00018,ibrutinib versus chlorambucil plus obinutuzumab in patients with CLL: a multicenter study,Background: Chronic lymphocytic leukemia (CLL) remains incurable. Methods: We conducted a multicenter study in patients with CLL. Participants (n=512) were assigned to receive ibrutinib or chlorambucil plus obinutuzumab. The primary endpoint was response rate. Results: response rate was improved with ibrutinib (HR 0.77; 95% CI 0.7 to 0.93; p=0.0102). Conclusions: ibrutinib improved response rate compared with chlorambucil plus obinutuzumab.,1
DUM-CLL-00085,zanubrutinib versus chemoimmunotherapy in patients with CLL: a double-blind trial,Background: Chronic lymphocytic leukemia (CLL) remains incurable. Methods: We conducted a double-blind trial in patients with CLL. Participants (n=650) were assigned to receive zanubrutinib or chemoimmunotherapy. The primary endpoint was progression-free survival. Results: progression-free survival was improved with zanubrutinib (HR 0.5; 95% CI 0.38 to 0.55; p=0.0235). Conclusions: zanubrutinib improved progression-free survival compared with chemoimmunotherapy.,1
DUM-IRR-00058,Meta-analysis of interventions for breast cancer,Objective: To summarize evidence for breast cancer. We performed a systematic review and meta-analysis following PRISMA. Results: 12 studies were included. Conclusions: Evidence quality was variable.,0
DUM-IRR-00462,Meta-analysis of interventions for cardiovascular disease,Objective: To summarize evidence for cardiovascular disease. We performed a systematic review and meta-analysis following PRISMA. Results: 35 studies were included. Conclusions: Evidence quality was variable.,0
DUM-IRR-00475,Effects of cognitive decline on biomarkers in Alzheimer disease: a cohort study,"Methods: Using a murine model (n=32), we assessed cognitive decline and mechanistic endpoints. Results: amyloid altered pathway activity. Conclusions: Findings support preclinical development.",0
DUM-IRR-00125,Effects of preclinical on biomarkers in mouse model study: a cohort study,Background: Mouse Model Study is a major public health problem. Methods: In this study (n=1231) we evaluated preclinical and clinical outcomes. Results: Significant associations were observed (p=0.0244). Conclusions: Further research is warranted.,0
DUM-IRR-00079,Meta-analysis of interventions for COVID-19,Background: Covid-19 is a major public health problem. Methods: In this study (n=599) we evaluated vaccine and clinical outcomes. Results: Significant associations were observed (p=0.0376). Conclusions: Further research is warranted.,0
DUM-IRR-00285,Effects of statin on biomarkers in cardiovascular disease: a cohort study,Background: Cardiovascular Disease is a major public health problem. Methods: In this study (n=877) we evaluated angiography and clinical outcomes. Results: Significant associations were observed (p=0.0275). Conclusions: Further research is warranted.,0
DUM-IRR-00203,Meta-analysis of interventions for Alzheimer disease,Background: Alzheimer Disease is a major public health problem. Methods: In this study (n=996) we evaluated tau and clinical outcomes. Results: Significant associations were observed (p=0.0127). Conclusions: Further research is warranted.,0
DUM-IRR-00315,Covid-19 management guidelines: an updated review,Background: Covid-19 is a major public health problem. Methods: In this study (n=749) we evaluated variant and clinical outcomes. Results: Significant associations were observed (p=0.041). Conclusions: Further research is warranted.,0
DUM-IRR-00172,Preclinical evaluation of HER2 in a breast cancer model,"Methods: Using a murine model (n=52), we assessed aromatase inhibitor and mechanistic endpoints. Results: HER2 altered pathway activity. Conclusions: Findings support preclinical development.",0
DUM-IRR-00419,Effects of amyloid on biomarkers in Alzheimer disease: a cohort study,"Methods: Using a murine model (n=57), we assessed amyloid and mechanistic endpoints. Results: dementia altered pathway activity. Conclusions: Findings support preclinical development.",0
DUM-IRR-00434,Meta-analysis of interventions for systematic review,"Methods: Using a murine model (n=27), we assessed meta-analysis and mechanistic endpoints. Results: network meta-analysis altered pathway activity. Conclusions: Findings support preclinical development.",0
DUM-IRR-00409,Effects of network meta-analysis on biomarkers in systematic review: a cohort study,"Methods: Using a murine model (n=19), we assessed systematic review and mechanistic endpoints. Results: meta-analysis altered pathway activity. Conclusions: Findings support preclinical development.",0
DUM-IRR-00342,Meta-analysis of interventions for breast cancer,Background: Breast Cancer is a major public health problem. Methods: In this study (n=1539) we evaluated aromatase inhibitor and clinical outcomes. Results: Significant associations were observed (p=0.0479). Conclusions: Further research is warranted.,0
DUM-IRR-00183,Association of PCR with outcomes in COVID-19,Objective: To summarize evidence for COVID-19. We performed a systematic review and meta-analysis following PRISMA. Results: 20 studies were included. Conclusions: Evidence quality was variable.,0
DUM-IRR-00085,Association of blood pressure with outcomes in cardiovascular disease,Objective: To summarize evidence for cardiovascular disease. We performed a systematic review and meta-analysis following PRISMA. Results: 27 studies were included. Conclusions: Evidence quality was variable.,0
DUM-CLL-00027,acalabrutinib versus chlorambucil plus obinutuzumab in treatment-naive patients: a phase 3 trial,Background: Chronic lymphocytic leukemia (CLL) remains incurable. Methods: We conducted a phase 3 trial in treatment-naive patients. Participants (n=232) were assigned to receive acalabrutinib or chlorambucil plus obinutuzumab. The primary endpoint was response rate. Results: response rate was improved with acalabrutinib (HR 0.52; 95% CI 0.32 to 0.64; p=0.0488). Conclusions: acalabrutinib improved response rate compared with chlorambucil plus obinutuzumab.,1
DUM-IRR-00223,Breast Cancer management guidelines: an updated review,Background: Breast Cancer is a major public health problem. Methods: In this study (n=1764) we evaluated metastatic and clinical outcomes. Results: Significant associations were observed (p=0.0053). Conclusions: Further research is warranted.,0
DUM-IRR-00069,Preclinical evaluation of statin in a cardiovascular disease model,"Methods: Using a murine model (n=17), we assessed angiography and mechanistic endpoints. Results: blood pressure altered pathway activity. Conclusions: Findings support preclinical development.",0
DUM-IRR-00206,Effects of tamoxifen on biomarkers in breast cancer: a cohort study,"Methods: Using a murine model (n=56), we assessed metastatic and mechanistic endpoints. Results: HER2 altered pathway activity. Conclusions: Findings support preclinical development.",0
DUM-IRR-00318,Preclinical evaluation of insulin in a type 2 diabetes model,Objective: To summarize evidence for type 2 diabetes. We performed a systematic review and meta-analysis following PRISMA. Results: 11 studies were included. Conclusions: Evidence quality was variable.,0
DUM-IRR-00186,Meta-analysis of interventions for systematic review,Background: Systematic Review is a major public health problem. Methods: In this study (n=1822) we evaluated meta-analysis and clinical outcomes. Results: Significant associations were observed (p=0.0367). Conclusions: Further research is warranted.,0
DUM-IRR-00453,Meta-analysis of interventions for mouse model study,Background: Mouse Model Study is a major public health problem. Methods: In this study (n=107) we evaluated preclinical and clinical outcomes. Results: Significant associations were observed (p=0.0376). Conclusions: Further research is warranted.,0
DUM-IRR-00487,Covid-19 management guidelines: an updated review,"Methods: Using a murine model (n=49), we assessed variant and mechanistic endpoints. Results: vaccine altered pathway activity. Conclusions: Findings support preclinical development.",0
DUM-CLL-00039,venetoclax plus obinutuzumab versus placebo in del(17p) or TP53 mutation: a multicenter study,Background: Chronic lymphocytic leukemia (CLL) remains incurable. Methods: We conducted a multicenter study in del(17p) or TP53 mutation. Participants (n=457) were assigned to receive venetoclax plus obinutuzumab or placebo. The primary endpoint was time to next treatment. Results: time to next treatment was improved with venetoclax plus obinutuzumab (HR 0.67; 95% CI 0.55 to 0.97; p=0.0089). Conclusions: venetoclax plus obinutuzumab improved time to next treatment compared with placebo.,1
DUM-IRR-00252,Effects of GLP-1 on biomarkers in type 2 diabetes: a cohort study,Objective: To summarize evidence for type 2 diabetes. We performed a systematic review and meta-analysis following PRISMA. Results: 13 studies were included. Conclusions: Evidence quality was variable.,0
DUM-IRR-00249,Preclinical evaluation of meta-analysis in a systematic review model,Background: Systematic Review is a major public health problem. Methods: In this study (n=843) we evaluated PRISMA and clinical outcomes. Results: Significant associations were observed (p=0.0358). Conclusions: Further research is warranted.,0
DUM-IRR-00289,Cardiovascular Disease management guidelines: an updated review,Objective: To summarize evidence for cardiovascular disease. We performed a systematic review and meta-analysis following PRISMA. Results: 36 studies were included. Conclusions: Evidence quality was variable.,0
DUM-IRR-00232,Effects of vaccine on biomarkers in COVID-19: a cohort study,Objective: To summarize evidence for COVID-19. We performed a systematic review and meta-analysis following PRISMA. Results: 27 studies were included. Conclusions: Evidence quality was variable.,0
DUM-IRR-00485,Effects of metastatic on biomarkers in breast cancer: a cohort study,"Methods: Using a murine model (n=45), we assessed tamoxifen and mechanistic endpoints. Results: metastatic altered pathway activity. Conclusions: Findings support preclinical development.",0
DUM-IRR-00035,Mouse Model Study management guidelines: an updated review,Objective: To summarize evidence for mouse model study. We performed a systematic review and meta-analysis following PRISMA. Results: 19 studies were included. Conclusions: Evidence quality was variable.,0
DUM-CLL-00045,ibrutinib versus FCR in older patients: a multicenter study,Background: Frontline therapy for CLL has evolved. Methods: We conducted a multicenter study in older patients. Participants (n=596) were assigned to receive ibrutinib or FCR. The primary endpoint was progression-free survival. Results: progression-free survival was improved with ibrutinib (HR 0.58; 95% CI 0.4 to 0.82; p=0.0477). Conclusions: ibrutinib improved progression-free survival compared with FCR.,1
DUM-IRR-00222,Effects of angiography on biomarkers in cardiovascular disease: a cohort study,Background: Cardiovascular Disease is a major public health problem. Methods: In this study (n=850) we evaluated statin and clinical outcomes. Results: Significant associations were observed (p=0.0476). Conclusions: Further research is warranted.,0
DUM-IRR-00177,Systematic Review management guidelines: an updated review,"Methods: Using a murine model (n=18), we assessed network meta-analysis and mechanistic endpoints. Results: meta-analysis altered pathway activity. Conclusions: Findings support preclinical development.",0
DUM-IRR-00348,Preclinical evaluation of in vivo in a mouse model study model,"Methods: Using a murine model (n=23), we assessed in vivo and mechanistic endpoints. Results: preclinical altered pathway activity. Conclusions: Findings support preclinical development.",0
DUM-IRR-00174,Association of tamoxifen with outcomes in breast cancer,"Methods: Using a murine model (n=58), we assessed tamoxifen and mechanistic endpoints. Results: tamoxifen altered pathway activity. Conclusions: Findings support preclinical development.",0
DUM-IRR-00148,Preclinical evaluation of vaccine in a COVID-19 model,Objective: To summarize evidence for COVID-19. We performed a systematic review and meta-analysis following PRISMA. Results: 13 studies were included. Conclusions: Evidence quality was variable.,0
DUM-IRR-00053,Association of vaccine with outcomes in COVID-19,Background: Covid-19 is a major public health problem. Methods: In this study (n=1423) we evaluated SARS-CoV-2 and clinical outcomes. Results: Significant associations were observed (p=0.0094). Conclusions: Further research is warranted.,0
DUM-IRR-00308,Type 2 Diabetes management guidelines: an updated review,"Methods: Using a murine model (n=59), we assessed insulin and mechanistic endpoints. Results: GLP-1 altered pathway activity. Conclusions: Findings support preclinical development.",0
DUM-IRR-00294,Effects of PRISMA on biomarkers in systematic review: a cohort study,"Methods: Using a murine model (n=30), we assessed meta-analysis and mechanistic endpoints. Results: systematic review altered pathway activity. Conclusions: Findings support preclinical development.",0
DUM-IRR-00179,Association of cell line with outcomes in mouse model study,Objective: To summarize evidence for mouse model study. We performed a systematic review and meta-analysis following PRISMA. Results: 36 studies were included. Conclusions: Evidence quality was variable.,0
DUM-IRR-00391,Preclinical evaluation of network meta-analysis in a systematic review model,Objective: To summarize evidence for systematic review. We performed a systematic review and meta-analysis following PRISMA. Results: 15 studies were included. Conclusions: Evidence quality was variable.,0
DUM-IRR-00283,Covid-19 management guidelines: an updated review,Objective: To summarize evidence for COVID-19. We performed a systematic review and meta-analysis following PRISMA. Results: 28 studies were included. Conclusions: Evidence quality was variable.,0
DUM-IRR-00504,Cardiovascular Disease management guidelines: an updated review,Background: Cardiovascular Disease is a major public health problem. Methods: In this study (n=608) we evaluated blood pressure and clinical outcomes. Results: Significant associations were observed (p=0.007). Conclusions: Further research is warranted.,0
DUM-CLL-00040,venetoclax plus obinutuzumab versus FCR in older patients: a randomized controlled trial,Background: Chronic lymphocytic leukemia (CLL) remains incurable. Methods: We conducted a randomized controlled trial in older patients. Participants (n=517) were assigned to receive venetoclax plus obinutuzumab or FCR. The primary endpoint was overall survival. Results: overall survival was improved with venetoclax plus obinutuzumab (HR 0.6; 95% CI 0.44 to 0.81; p=0.0425). Conclusions: venetoclax plus obinutuzumab improved overall survival compared with FCR.,1
DUM-IRR-00263,Effects of cognitive decline on biomarkers in Alzheimer disease: a cohort study,Background: Alzheimer Disease is a major public health problem. Methods: In this study (n=846) we evaluated amyloid and clinical outcomes. Results: Significant associations were observed (p=0.032). Conclusions: Further research is warranted.,0
DUM-IRR-00156,Effects of cognitive decline on biomarkers in Alzheimer disease: a cohort study,Objective: To summarize evidence for Alzheimer disease. We performed a systematic review and meta-analysis following PRISMA. Results: 41 studies were included. Conclusions: Evidence quality was variable.,0
DUM-IRR-00207,Meta-analysis of interventions for COVID-19,"Methods: Using a murine model (n=12), we assessed variant and mechanistic endpoints. Results: SARS-CoV-2 altered pathway activity. Conclusions: Findings support preclinical development.",0
DUM-CLL-00057,acalabrutinib versus placebo in patients with CLL: a randomized controlled trial,Background: Frontline therapy for CLL has evolved. Methods: We conducted a randomized controlled trial in patients with CLL. Participants (n=225) were assigned to receive acalabrutinib or placebo. The primary endpoint was progression-free survival. Results: progression-free survival was improved with acalabrutinib (HR 0.6; 95% CI 0.43 to 0.72; p=0.022). Conclusions: acalabrutinib improved progression-free survival compared with placebo.,1
DUM-IRR-00098,Association of insulin with outcomes in type 2 diabetes,"Methods: Using a murine model (n=34), we assessed insulin and mechanistic endpoints. Results: GLP-1 altered pathway activity. Conclusions: Findings support preclinical development.",0
DUM-IRR-00270,Association of angiography with outcomes in cardiovascular disease,Objective: To summarize evidence for cardiovascular disease. We performed a systematic review and meta-analysis following PRISMA. Results: 28 studies were included. Conclusions: Evidence quality was variable.,0
DUM-IRR-00157,Preclinical evaluation of network meta-analysis in a systematic review model,Objective: To summarize evidence for systematic review. We performed a systematic review and meta-analysis following PRISMA. Results: 30 studies were included. Conclusions: Evidence quality was variable.,0
DUM-IRR-00200,Meta-analysis of interventions for breast cancer,Objective: To summarize evidence for breast cancer. We performed a systematic review and meta-analysis following PRISMA. Results: 21 studies were included. Conclusions: Evidence quality was variable.,0
DUM-CLL-00019,ibrutinib versus chlorambucil plus obinutuzumab in older patients: a double-blind trial,Background: Chronic lymphocytic leukemia (CLL) remains incurable. Methods: We conducted a double-blind trial in older patients. Participants (n=360) were assigned to receive ibrutinib or chlorambucil plus obinutuzumab. The primary endpoint was progression-free survival. Results: progression-free survival was improved with ibrutinib (HR 0.59; 95% CI 0.46 to 0.87; p=0.0125). Conclusions: ibrutinib improved progression-free survival compared with chlorambucil plus obinutuzumab.,1
DUM-CLL-00017,venetoclax plus obinutuzumab versus bendamustine-rituximab in treatment-naive patients: a multicenter study,Background: Chronic lymphocytic leukemia (CLL) remains incurable. Methods: We conducted a multicenter study in treatment-naive patients. Participants (n=732) were assigned to receive venetoclax plus obinutuzumab or bendamustine-rituximab. The primary endpoint was time to next treatment. Results: time to next treatment was improved with venetoclax plus obinutuzumab (HR 0.89; 95% CI 0.71 to 1.12; p=0.0119). Conclusions: venetoclax plus obinutuzumab improved time to next treatment compared with bendamustine-rituximab.,1
DUM-IRR-00097,Association of blood pressure with outcomes in cardiovascular disease,Objective: To summarize evidence for cardiovascular disease. We performed a systematic review and meta-analysis following PRISMA. Results: 14 studies were included. Conclusions: Evidence quality was variable.,0
DUM-IRR-00370,Effects of GLP-1 on biomarkers in type 2 diabetes: a cohort study,Objective: To summarize evidence for type 2 diabetes. We performed a systematic review and meta-analysis following PRISMA. Results: 29 studies were included. Conclusions: Evidence quality was variable.,0
DUM-IRR-00189,Systematic Review management guidelines: an updated review,"Methods: Using a murine model (n=32), we assessed PRISMA and mechanistic endpoints. Results: meta-analysis altered pathway activity. Conclusions: Findings support preclinical development.",0
DUM-IRR-00459,Effects of SARS-CoV-2 on biomarkers in COVID-19: a cohort study,"Methods: Using a murine model (n=51), we assessed SARS-CoV-2 and mechanistic endpoints. Results: variant altered pathway activity. Conclusions: Findings support preclinical development.",0
DUM-IRR-00047,Effects of PRISMA on biomarkers in systematic review: a cohort study,"Methods: Using a murine model (n=12), we assessed systematic review and mechanistic endpoints. Results: meta-analysis altered pathway activity. Conclusions: Findings support preclinical development.",0
DUM-IRR-00166,Association of myocardial infarction with outcomes in cardiovascular disease,"Methods: Using a murine model (n=27), we assessed angiography and mechanistic endpoints. Results: statin altered pathway activity. Conclusions: Findings support preclinical development.",0
DUM-IRR-00274,Effects of amyloid on biomarkers in Alzheimer disease: a cohort study,Background: Alzheimer Disease is a major public health problem. Methods: In this study (n=352) we evaluated cognitive decline and clinical outcomes. Results: Significant associations were observed (p=0.0286). Conclusions: Further research is warranted.,0
DUM-IRR-00031,Alzheimer Disease management guidelines: an updated review,Objective: To summarize evidence for Alzheimer disease. We performed a systematic review and meta-analysis following PRISMA. Results: 11 studies were included. Conclusions: Evidence quality was variable.,0
DUM-IRR-00284,Effects of SARS-CoV-2 on biomarkers in COVID-19: a cohort study,Objective: To summarize evidence for COVID-19. We performed a systematic review and meta-analysis following PRISMA. Results: 22 studies were included. Conclusions: Evidence quality was variable.,0
DUM-IRR-00343,Meta-analysis of interventions for cardiovascular disease,Background: Cardiovascular Disease is a major public health problem. Methods: In this study (n=842) we evaluated statin and clinical outcomes. Results: Significant associations were observed (p=0.024). Conclusions: Further research is warranted.,0
DUM-IRR-00165,Mouse Model Study management guidelines: an updated review,Objective: To summarize evidence for mouse model study. We performed a systematic review and meta-analysis following PRISMA. Results: 10 studies were included. Conclusions: Evidence quality was variable.,0
DUM-IRR-00205,Preclinical evaluation of dementia in a Alzheimer disease model,Background: Alzheimer Disease is a major public health problem. Methods: In this study (n=446) we evaluated tau and clinical outcomes. Results: Significant associations were observed (p=0.0427). Conclusions: Further research is warranted.,0
DUM-CLL-00003,venetoclax plus obinutuzumab versus placebo in patients with CLL: a multicenter study,Background: Chronic lymphocytic leukemia (CLL) remains incurable. Methods: We conducted a multicenter study in patients with CLL. Participants (n=280) were assigned to receive venetoclax plus obinutuzumab or placebo. The primary endpoint was overall survival. Results: overall survival was improved with venetoclax plus obinutuzumab (HR 0.59; 95% CI 0.46 to 0.75; p=0.0146). Conclusions: venetoclax plus obinutuzumab improved overall survival compared with placebo.,1
DUM-IRR-00388,Association of tau with outcomes in Alzheimer disease,Objective: To summarize evidence for Alzheimer disease. We performed a systematic review and meta-analysis following PRISMA. Results: 39 studies were included. Conclusions: Evidence quality was variable.,0
DUM-IRR-00381,Preclinical evaluation of PRISMA in a systematic review model,Background: Systematic Review is a major public health problem. Methods: In this study (n=995) we evaluated meta-analysis and clinical outcomes. Results: Significant associations were observed (p=0.0006). Conclusions: Further research is warranted.,0
DUM-IRR-00005,Association of HbA1c with outcomes in type 2 diabetes,Background: Type 2 Diabetes is a major public health problem. Methods: In this study (n=781) we evaluated HbA1c and clinical outcomes. Results: Significant associations were observed (p=0.0181). Conclusions: Further research is warranted.,0
DUM-IRR-00025,Meta-analysis of interventions for systematic review,Objective: To summarize evidence for systematic review. We performed a systematic review and meta-analysis following PRISMA. Results: 40 studies were included. Conclusions: Evidence quality was variable.,0
DUM-IRR-00091,Association of PCR with outcomes in COVID-19,"Methods: Using a murine model (n=18), we assessed vaccine and mechanistic endpoints. Results: SARS-CoV-2 altered pathway activity. Conclusions: Findings support preclinical development.",0
DUM-IRR-00106,Meta-analysis of interventions for cardiovascular disease,Objective: To summarize evidence for cardiovascular disease. We performed a systematic review and meta-analysis following PRISMA. Results: 8 studies were included. Conclusions: Evidence quality was variable.,0
DUM-IRR-00140,Effects of GLP-1 on biomarkers in type 2 diabetes: a cohort study,Objective: To summarize evidence for type 2 diabetes. We performed a systematic review and meta-analysis following PRISMA. Results: 24 studies were included. Conclusions: Evidence quality was variable.,0
DUM-IRR-00329,Alzheimer Disease management guidelines: an updated review,Objective: To summarize evidence for Alzheimer disease. We performed a systematic review and meta-analysis following PRISMA. Results: 8 studies were included. Conclusions: Evidence quality was variable.,0
DUM-IRR-00192,Association of PRISMA with outcomes in systematic review,"Methods: Using a murine model (n=22), we assessed PRISMA and mechanistic endpoints. Results: meta-analysis altered pathway activity. Conclusions: Findings support preclinical development.",0
DUM-IRR-00387,Association of vaccine with outcomes in COVID-19,"Methods: Using a murine model (n=59), we assessed variant and mechanistic endpoints. Results: PCR altered pathway activity. Conclusions: Findings support preclinical development.",0
DUM-IRR-00170,Preclinical evaluation of blood pressure in a cardiovascular disease model,Objective: To summarize evidence for cardiovascular disease. We performed a systematic review and meta-analysis following PRISMA. Results: 31 studies were included. Conclusions: Evidence quality was variable.,0
DUM-IRR-00142,Meta-analysis of interventions for mouse model study,Objective: To summarize evidence for mouse model study. We performed a systematic review and meta-analysis following PRISMA. Results: 32 studies were included. Conclusions: Evidence quality was variable.,0
DUM-IRR-00466,Meta-analysis of interventions for Alzheimer disease,"Methods: Using a murine model (n=39), we assessed tau and mechanistic endpoints. Results: cognitive decline altered pathway activity. Conclusions: Findings support preclinical development.",0
DUM-IRR-00229,Breast Cancer management guidelines: an updated review,"Methods: Using a murine model (n=12), we assessed tamoxifen and mechanistic endpoints. Results: tamoxifen altered pathway activity. Conclusions: Findings support preclinical development.",0
DUM-IRR-00127,Meta-analysis of interventions for Alzheimer disease,"Methods: Using a murine model (n=31), we assessed cognitive decline and mechanistic endpoints. Results: dementia altered pathway activity. Conclusions: Findings support preclinical development.",0
DUM-IRR-00386,Effects of tau on biomarkers in Alzheimer disease: a cohort study,"Methods: Using a murine model (n=49), we assessed tau and mechanistic endpoints. Results: tau altered pathway activity. Conclusions: Findings support preclinical development.",0
DUM-IRR-00503,Meta-analysis of interventions for breast cancer,"Methods: Using a murine model (n=21), we assessed aromatase inhibitor and mechanistic endpoints. Results: tamoxifen altered pathway activity. Conclusions: Findings support preclinical development.",0
DUM-IRR-00266,Association of PCR with outcomes in COVID-19,Background: Covid-19 is a major public health problem. Methods: In this study (n=1324) we evaluated variant and clinical outcomes. Results: Significant associations were observed (p=0.0003). Conclusions: Further research is warranted.,0
DUM-IRR-00446,Meta-analysis of interventions for type 2 diabetes,Objective: To summarize evidence for type 2 diabetes. We performed a systematic review and meta-analysis following PRISMA. Results: 41 studies were included. Conclusions: Evidence quality was variable.,0
DUM-IRR-00456,Effects of meta-analysis on biomarkers in systematic review: a cohort study,Background: Systematic Review is a major public health problem. Methods: In this study (n=1251) we evaluated systematic review and clinical outcomes. Results: Significant associations were observed (p=0.0048). Conclusions: Further research is warranted.,0
DUM-IRR-00143,Meta-analysis of interventions for Alzheimer disease,"Methods: Using a murine model (n=12), we assessed tau and mechanistic endpoints. Results: amyloid altered pathway activity. Conclusions: Findings support preclinical development.",0
DUM-IRR-00350,Type 2 Diabetes management guidelines: an updated review,"Methods: Using a murine model (n=28), we assessed insulin and mechanistic endpoints. Results: insulin altered pathway activity. Conclusions: Findings support preclinical development.",0
DUM-IRR-00122,Effects of insulin on biomarkers in type 2 diabetes: a cohort study,Background: Type 2 Diabetes is a major public health problem. Methods: In this study (n=1192) we evaluated metformin and clinical outcomes. Results: Significant associations were observed (p=0.0135). Conclusions: Further research is warranted.,0
DUM-IRR-00322,Meta-analysis of interventions for Alzheimer disease,"Methods: Using a murine model (n=47), we assessed amyloid and mechanistic endpoints. Results: tau altered pathway activity. Conclusions: Findings support preclinical development.",0
DUM-IRR-00238,Effects of myocardial infarction on biomarkers in cardiovascular disease: a cohort study,Objective: To summarize evidence for cardiovascular disease. We performed a systematic review and meta-analysis following PRISMA. Results: 39 studies were included. Conclusions: Evidence quality was variable.,0
DUM-CLL-00070,ibrutinib versus FCR in high-risk cytogenetics: a multicenter study,Background: Frontline therapy for CLL has evolved. Methods: We conducted a multicenter study in high-risk cytogenetics. Participants (n=209) were assigned to receive ibrutinib or FCR. The primary endpoint was response rate. Results: response rate was improved with ibrutinib (HR 0.59; 95% CI 0.41 to 0.65; p=0.0407). Conclusions: ibrutinib improved response rate compared with FCR.,1
DUM-CLL-00043,acalabrutinib versus bendamustine-rituximab in del(17p) or TP53 mutation: a double-blind trial,Background: Frontline therapy for CLL has evolved. Methods: We conducted a double-blind trial in del(17p) or TP53 mutation. Participants (n=396) were assigned to receive acalabrutinib or bendamustine-rituximab. The primary endpoint was progression-free survival. Results: progression-free survival was improved with acalabrutinib (HR 0.68; 95% CI 0.54 to 0.85; p=0.0098). Conclusions: acalabrutinib improved progression-free survival compared with bendamustine-rituximab.,1
DUM-CLL-00069,venetoclax plus obinutuzumab versus placebo in del(17p) or TP53 mutation: a double-blind trial,Background: Chronic lymphocytic leukemia (CLL) remains incurable. Methods: We conducted a double-blind trial in del(17p) or TP53 mutation. Participants (n=404) were assigned to receive venetoclax plus obinutuzumab or placebo. The primary endpoint was overall survival. Results: overall survival was improved with venetoclax plus obinutuzumab (HR 0.48; 95% CI 0.41 to 0.53; p=0.0048). Conclusions: venetoclax plus obinutuzumab improved overall survival compared with placebo.,1
DUM-IRR-00133,Preclinical evaluation of murine in a mouse model study model,"Methods: Using a murine model (n=54), we assessed cell line and mechanistic endpoints. Results: murine altered pathway activity. Conclusions: Findings support preclinical development.",0
DUM-IRR-00246,Effects of amyloid on biomarkers in Alzheimer disease: a cohort study,Objective: To summarize evidence for Alzheimer disease. We performed a systematic review and meta-analysis following PRISMA. Results: 41 studies were included. Conclusions: Evidence quality was variable.,0
DUM-IRR-00497,Alzheimer Disease management guidelines: an updated review,Background: Alzheimer Disease is a major public health problem. Methods: In this study (n=1200) we evaluated tau and clinical outcomes. Results: Significant associations were observed (p=0.0313). Conclusions: Further research is warranted.,0
DUM-IRR-00363,Breast Cancer management guidelines: an updated review,Background: Breast Cancer is a major public health problem. Methods: In this study (n=222) we evaluated metastatic and clinical outcomes. Results: Significant associations were observed (p=0.0022). Conclusions: Further research is warranted.,0
DUM-IRR-00279,Association of metformin with outcomes in type 2 diabetes,"Methods: Using a murine model (n=13), we assessed insulin and mechanistic endpoints. Results: insulin altered pathway activity. Conclusions: Findings support preclinical development.",0
DUM-CLL-00073,ibrutinib versus placebo in high-risk cytogenetics: a phase 3 trial,Background: Chronic lymphocytic leukemia (CLL) remains incurable. Methods: We conducted a phase 3 trial in high-risk cytogenetics. Participants (n=218) were assigned to receive ibrutinib or placebo. The primary endpoint was overall survival. Results: overall survival was improved with ibrutinib (HR 0.64; 95% CI 0.53 to 0.88; p=0.0171). Conclusions: ibrutinib improved overall survival compared with placebo.,1
DUM-IRR-00447,Cardiovascular Disease management guidelines: an updated review,"Methods: Using a murine model (n=21), we assessed statin and mechanistic endpoints. Results: angiography altered pathway activity. Conclusions: Findings support preclinical development.",0
DUM-IRR-00241,Alzheimer Disease management guidelines: an updated review,"Methods: Using a murine model (n=42), we assessed amyloid and mechanistic endpoints. Results: tau altered pathway activity. Conclusions: Findings support preclinical development.",0
DUM-CLL-00036,acalabrutinib versus bendamustine-rituximab in high-risk cytogenetics: a multicenter study,Background: Chronic lymphocytic leukemia (CLL) remains incurable. Methods: We conducted a multicenter study in high-risk cytogenetics. Participants (n=128) were assigned to receive acalabrutinib or bendamustine-rituximab. The primary endpoint was progression-free survival. Results: progression-free survival was improved with acalabrutinib (HR 0.58; 95% CI 0.42 to 0.84; p=0.0428). Conclusions: acalabrutinib improved progression-free survival compared with bendamustine-rituximab.,1
DUM-CLL-00005,ibrutinib versus placebo in high-risk cytogenetics: a randomized controlled trial,Background: Chronic lymphocytic leukemia (CLL) remains incurable. Methods: We conducted a randomized controlled trial in high-risk cytogenetics. Participants (n=682) were assigned to receive ibrutinib or placebo. The primary endpoint was time to next treatment. Results: time to next treatment was improved with ibrutinib (HR 0.62; 95% CI 0.42 to 0.79; p=0.043). Conclusions: ibrutinib improved time to next treatment compared with placebo.,1
DUM-CLL-00068,ibrutinib versus placebo in patients with CLL: a double-blind trial,Background: Frontline therapy for CLL has evolved. Methods: We conducted a double-blind trial in patients with CLL. Participants (n=546) were assigned to receive ibrutinib or placebo. The primary endpoint was progression-free survival. Results: progression-free survival was improved with ibrutinib (HR 0.87; 95% CI 0.76 to 1.16; p=0.0453). Conclusions: ibrutinib improved progression-free survival compared with placebo.,1
DUM-CLL-00064,acalabrutinib versus placebo in del(17p) or TP53 mutation: a double-blind trial,Background: Frontline therapy for CLL has evolved. Methods: We conducted a double-blind trial in del(17p) or TP53 mutation. Participants (n=373) were assigned to receive acalabrutinib or placebo. The primary endpoint was response rate. Results: response rate was improved with acalabrutinib (HR 0.65; 95% CI 0.54 to 0.85; p=0.0318). Conclusions: acalabrutinib improved response rate compared with placebo.,1
DUM-IRR-00253,Cardiovascular Disease management guidelines: an updated review,Background: Cardiovascular Disease is a major public health problem. Methods: In this study (n=1930) we evaluated angiography and clinical outcomes. Results: Significant associations were observed (p=0.0485). Conclusions: Further research is warranted.,0
DUM-IRR-00356,Effects of metformin on biomarkers in type 2 diabetes: a cohort study,"Methods: Using a murine model (n=45), we assessed metformin and mechanistic endpoints. Results: HbA1c altered pathway activity. Conclusions: Findings support preclinical development.",0
DUM-IRR-00057,Breast Cancer management guidelines: an updated review,Background: Breast Cancer is a major public health problem. Methods: In this study (n=167) we evaluated aromatase inhibitor and clinical outcomes. Results: Significant associations were observed (p=0.013). Conclusions: Further research is warranted.,0
DUM-CLL-00078,venetoclax plus obinutuzumab versus placebo in patients with CLL: a multicenter study,Background: Chronic lymphocytic leukemia (CLL) remains incurable. Methods: We conducted a multicenter study in patients with CLL. Participants (n=144) were assigned to receive venetoclax plus obinutuzumab or placebo. The primary endpoint was overall survival. Results: overall survival was improved with venetoclax plus obinutuzumab (HR 0.7; 95% CI 0.62 to 0.99; p=0.0391). Conclusions: venetoclax plus obinutuzumab improved overall survival compared with placebo.,1
DUM-IRR-00490,Meta-analysis of interventions for breast cancer,Objective: To summarize evidence for breast cancer. We performed a systematic review and meta-analysis following PRISMA. Results: 14 studies were included. Conclusions: Evidence quality was variable.,0
DUM-IRR-00340,Meta-analysis of interventions for mouse model study,Objective: To summarize evidence for mouse model study. We performed a systematic review and meta-analysis following PRISMA. Results: 21 studies were included. Conclusions: Evidence quality was variable.,0
DUM-IRR-00094,Association of angiography with outcomes in cardiovascular disease,Background: Cardiovascular Disease is a major public health problem. Methods: In this study (n=469) we evaluated statin and clinical outcomes. Results: Significant associations were observed (p=0.0063). Conclusions: Further research is warranted.,0
DUM-IRR-00383,Association of in vivo with outcomes in mouse model study,Objective: To summarize evidence for mouse model study. We performed a systematic review and meta-analysis following PRISMA. Results: 9 studies were included. Conclusions: Evidence quality was variable.,0
DUM-IRR-00341,Meta-analysis of interventions for cardiovascular disease,Objective: To summarize evidence for cardiovascular disease. We performed a systematic review and meta-analysis following PRISMA. Results: 34 studies were included. Conclusions: Evidence quality was variable.,0
DUM-IRR-00493,Association of PRISMA with outcomes in systematic review,"Methods: Using a murine model (n=34), we assessed network meta-analysis and mechanistic endpoints. Results: meta-analysis altered pathway activity. Conclusions: Findings support preclinical development.",0
DUM-IRR-00102,Preclinical evaluation of preclinical in a mouse model study model,Objective: To summarize evidence for mouse model study. We performed a systematic review and meta-analysis following PRISMA. Results: 29 studies were included. Conclusions: Evidence quality was variable.,0
DUM-IRR-00464,Effects of cognitive decline on biomarkers in Alzheimer disease: a cohort study,Background: Alzheimer Disease is a major public health problem. Methods: In this study (n=662) we evaluated cognitive decline and clinical outcomes. Results: Significant associations were observed (p=0.0221). Conclusions: Further research is warranted.,0
DUM-IRR-00396,Cardiovascular Disease management guidelines: an updated review,Objective: To summarize evidence for cardiovascular disease. We performed a systematic review and meta-analysis following PRISMA. Results: 20 studies were included. Conclusions: Evidence quality was variable.,0
DUM-IRR-00484,Association of knockout with outcomes in mouse model study,Objective: To summarize evidence for mouse model study. We performed a systematic review and meta-analysis following PRISMA. Results: 13 studies were included. Conclusions: Evidence quality was variable.,0
DUM-IRR-00126,Preclinical evaluation of HER2 in a breast cancer model,Objective: To summarize evidence for breast cancer. We performed a systematic review and meta-analysis following PRISMA. Results: 21 studies were included. Conclusions: Evidence quality was variable.,0
DUM-IRR-00450,Preclinical evaluation of SARS-CoV-2 in a COVID-19 model,Objective: To summarize evidence for COVID-19. We performed a systematic review and meta-analysis following PRISMA. Results: 11 studies were included. Conclusions: Evidence quality was variable.,0
DUM-IRR-00300,Meta-analysis of interventions for systematic review,Objective: To summarize evidence for systematic review. We performed a systematic review and meta-analysis following PRISMA. Results: 38 studies were included. Conclusions: Evidence quality was variable.,0
DUM-IRR-00473,Alzheimer Disease management guidelines: an updated review,Objective: To summarize evidence for Alzheimer disease. We performed a systematic review and meta-analysis following PRISMA. Results: 35 studies were included. Conclusions: Evidence quality was variable.,0
DUM-IRR-00301,Systematic Review management guidelines: an updated review,Objective: To summarize evidence for systematic review. We performed a systematic review and meta-analysis following PRISMA. Results: 43 studies were included. Conclusions: Evidence quality was variable.,0
DUM-IRR-00235,Preclinical evaluation of GLP-1 in a type 2 diabetes model,"Methods: Using a murine model (n=20), we assessed metformin and mechanistic endpoints. Results: HbA1c altered pathway activity. Conclusions: Findings support preclinical development.",0
DUM-IRR-00313,Effects of SARS-CoV-2 on biomarkers in COVID-19: a cohort study,Background: Covid-19 is a major public health problem. Methods: In this study (n=1876) we evaluated variant and clinical outcomes. Results: Significant associations were observed (p=0.0299). Conclusions: Further research is warranted.,0
DUM-IRR-00352,Meta-analysis of interventions for COVID-19,Objective: To summarize evidence for COVID-19. We performed a systematic review and meta-analysis following PRISMA. Results: 38 studies were included. Conclusions: Evidence quality was variable.,0
DUM-IRR-00150,Effects of variant on biomarkers in COVID-19: a cohort study,Background: Covid-19 is a major public health problem. Methods: In this study (n=1950) we evaluated vaccine and clinical outcomes. Results: Significant associations were observed (p=0.0335). Conclusions: Further research is warranted.,0
DUM-CLL-00031,ibrutinib versus placebo in high-risk cytogenetics: a multicenter study,Background: Frontline therapy for CLL has evolved. Methods: We conducted a multicenter study in high-risk cytogenetics. Participants (n=263) were assigned to receive ibrutinib or placebo. The primary endpoint was response rate. Results: response rate was improved with ibrutinib (HR 0.83; 95% CI 0.73 to 0.93; p=0.0021). Conclusions: ibrutinib improved response rate compared with placebo.,1
DUM-IRR-00198,Meta-analysis of interventions for mouse model study,"Methods: Using a murine model (n=26), we assessed cell line and mechanistic endpoints. Results: murine altered pathway activity. Conclusions: Findings support preclinical development.",0
DUM-IRR-00022,Systematic Review management guidelines: an updated review,"Methods: Using a murine model (n=46), we assessed meta-analysis and mechanistic endpoints. Results: network meta-analysis altered pathway activity. Conclusions: Findings support preclinical development.",0
DUM-IRR-00277,Association of statin with outcomes in cardiovascular disease,Background: Cardiovascular Disease is a major public health problem. Methods: In this study (n=1293) we evaluated angiography and clinical outcomes. Results: Significant associations were observed (p=0.008). Conclusions: Further research is warranted.,0
DUM-IRR-00463,Breast Cancer management guidelines: an updated review,"Methods: Using a murine model (n=57), we assessed aromatase inhibitor and mechanistic endpoints. Results: HER2 altered pathway activity. Conclusions: Findings support preclinical development.",0
DUM-CLL-00054,zanubrutinib versus chlorambucil plus obinutuzumab in patients with CLL: a phase 3 trial,Background: Frontline therapy for CLL has evolved. Methods: We conducted a phase 3 trial in patients with CLL. Participants (n=424) were assigned to receive zanubrutinib or chlorambucil plus obinutuzumab. The primary endpoint was overall survival. Results: overall survival was improved with zanubrutinib (HR 0.47; 95% CI 0.3 to 0.61; p=0.0064). Conclusions: zanubrutinib improved overall survival compared with chlorambucil plus obinutuzumab.,1
DUM-IRR-00288,Mouse Model Study management guidelines: an updated review,Background: Mouse Model Study is a major public health problem. Methods: In this study (n=1850) we evaluated cell line and clinical outcomes. Results: Significant associations were observed (p=0.0191). Conclusions: Further research is warranted.,0
DUM-CLL-00063,ibrutinib versus chemoimmunotherapy in older patients: a phase 3 trial,Background: Frontline therapy for CLL has evolved. Methods: We conducted a phase 3 trial in older patients. Participants (n=572) were assigned to receive ibrutinib or chemoimmunotherapy. The primary endpoint was response rate. Results: response rate was improved with ibrutinib (HR 0.66; 95% CI 0.6 to 0.83; p=0.0237). Conclusions: ibrutinib improved response rate compared with chemoimmunotherapy.,1
DUM-IRR-00211,Effects of tamoxifen on biomarkers in breast cancer: a cohort study,"Methods: Using a murine model (n=33), we assessed aromatase inhibitor and mechanistic endpoints. Results: tamoxifen altered pathway activity. Conclusions: Findings support preclinical development.",0
DUM-IRR-00040,Cardiovascular Disease management guidelines: an updated review,Background: Cardiovascular Disease is a major public health problem. Methods: In this study (n=688) we evaluated angiography and clinical outcomes. Results: Significant associations were observed (p=0.0462). Conclusions: Further research is warranted.,0
DUM-IRR-00323,Preclinical evaluation of systematic review in a systematic review model,Objective: To summarize evidence for systematic review. We performed a systematic review and meta-analysis following PRISMA. Results: 37 studies were included. Conclusions: Evidence quality was variable.,0
DUM-IRR-00432,Cardiovascular Disease management guidelines: an updated review,Objective: To summarize evidence for cardiovascular disease. We performed a systematic review and meta-analysis following PRISMA. Results: 43 studies were included. Conclusions: Evidence quality was variable.,0
DUM-CLL-00008,acalabrutinib versus bendamustine-rituximab in older patients: a multicenter study,Background: Chronic lymphocytic leukemia (CLL) remains incurable. Methods: We conducted a multicenter study in older patients. Participants (n=154) were assigned to receive acalabrutinib or bendamustine-rituximab. The primary endpoint was time to next treatment. Results: time to next treatment was improved with acalabrutinib (HR 0.86; 95% CI 0.77 to 1.08; p=0.0157). Conclusions: acalabrutinib improved time to next treatment compared with bendamustine-rituximab.,1
DUM-IRR-00001,Meta-analysis of interventions for breast cancer,"Methods: Using a murine model (n=25), we assessed tamoxifen and mechanistic endpoints. Results: tamoxifen altered pathway activity. Conclusions: Findings support preclinical development.",0
DUM-IRR-00262,Type 2 Diabetes management guidelines: an updated review,"Methods: Using a murine model (n=29), we assessed GLP-1 and mechanistic endpoints. Results: metformin altered pathway activity. Conclusions: Findings support preclinical development.",0
DUM-IRR-00488,Preclinical evaluation of myocardial infarction in a cardiovascular disease model,Objective: To summarize evidence for cardiovascular disease. We performed a systematic review and meta-analysis following PRISMA. Results: 30 studies were included. Conclusions: Evidence quality was variable.,0
DUM-IRR-00221,Effects of aromatase inhibitor on biomarkers in breast cancer: a cohort study,Background: Breast Cancer is a major public health problem. Methods: In this study (n=656) we evaluated metastatic and clinical outcomes. Results: Significant associations were observed (p=0.0361). Conclusions: Further research is warranted.,0
DUM-IRR-00216,Effects of murine on biomarkers in mouse model study: a cohort study,Objective: To summarize evidence for mouse model study. We performed a systematic review and meta-analysis following PRISMA. Results: 37 studies were included. Conclusions: Evidence quality was variable.,0
DUM-IRR-00234,Meta-analysis of interventions for COVID-19,Background: Covid-19 is a major public health problem. Methods: In this study (n=1463) we evaluated SARS-CoV-2 and clinical outcomes. Results: Significant associations were observed (p=0.0409). Conclusions: Further research is warranted.,0
DUM-IRR-00120,Meta-analysis of interventions for COVID-19,Background: Covid-19 is a major public health problem. Methods: In this study (n=749) we evaluated variant and clinical outcomes. Results: Significant associations were observed (p=0.0352). Conclusions: Further research is warranted.,0
DUM-IRR-00110,Meta-analysis of interventions for type 2 diabetes,"Methods: Using a murine model (n=42), we assessed metformin and mechanistic endpoints. Results: GLP-1 altered pathway activity. Conclusions: Findings support preclinical development.",0
DUM-IRR-00367,Meta-analysis of interventions for breast cancer,Objective: To summarize evidence for breast cancer. We performed a systematic review and meta-analysis following PRISMA. Results: 24 studies were included. Conclusions: Evidence quality was variable.,0
DUM-IRR-00309,Association of myocardial infarction with outcomes in cardiovascular disease,Objective: To summarize evidence for cardiovascular disease. We performed a systematic review and meta-analysis following PRISMA. Results: 41 studies were included. Conclusions: Evidence quality was variable.,0
DUM-IRR-00208,Covid-19 management guidelines: an updated review,Background: Covid-19 is a major public health problem. Methods: In this study (n=1455) we evaluated SARS-CoV-2 and clinical outcomes. Results: Significant associations were observed (p=0.0076). Conclusions: Further research is warranted.,0
DUM-IRR-00454,Association of network meta-analysis with outcomes in systematic review,Objective: To summarize evidence for systematic review. We performed a systematic review and meta-analysis following PRISMA. Results: 40 studies were included. Conclusions: Evidence quality was variable.,0
DUM-IRR-00373,Preclinical evaluation of in vivo in a mouse model study model,Background: Mouse Model Study is a major public health problem. Methods: In this study (n=1081) we evaluated preclinical and clinical outcomes. Results: Significant associations were observed (p=0.0022). Conclusions: Further research is warranted.,0
DUM-IRR-00062,Alzheimer Disease management guidelines: an updated review,Objective: To summarize evidence for Alzheimer disease. We performed a systematic review and meta-analysis following PRISMA. Results: 17 studies were included. Conclusions: Evidence quality was variable.,0
DUM-IRR-00060,Preclinical evaluation of cell line in a mouse model study model,Objective: To summarize evidence for mouse model study. We performed a systematic review and meta-analysis following PRISMA. Results: 8 studies were included. Conclusions: Evidence quality was variable.,0
DUM-CLL-00000,ibrutinib versus FCR in treatment-naive patients: a phase 3 trial,Background: Chronic lymphocytic leukemia (CLL) remains incurable. Methods: We conducted a phase 3 trial in treatment-naive patients. Participants (n=555) were assigned to receive ibrutinib or FCR. The primary endpoint was overall survival. Results: overall survival was improved with ibrutinib (HR 0.88; 95% CI 0.72 to 1.08; p=0.0079). Conclusions: ibrutinib improved overall survival compared with FCR.,1
DUM-IRR-00052,Preclinical evaluation of dementia in a Alzheimer disease model,Objective: To summarize evidence for Alzheimer disease. We performed a systematic review and meta-analysis following PRISMA. Results: 13 studies were included. Conclusions: Evidence quality was variable.,0
DUM-IRR-00132,Meta-analysis of interventions for cardiovascular disease,"Methods: Using a murine model (n=40), we assessed statin and mechanistic endpoints. Results: myocardial infarction altered pathway activity. Conclusions: Findings support preclinical development.",0
DUM-IRR-00002,Covid-19 management guidelines: an updated review,Objective: To summarize evidence for COVID-19. We performed a systematic review and meta-analysis following PRISMA. Results: 39 studies were included. Conclusions: Evidence quality was variable.,0
DUM-CLL-00062,venetoclax plus obinutuzumab versus chlorambucil plus obinutuzumab in high-risk cytogenetics: a randomized controlled trial,Background: Chronic lymphocytic leukemia (CLL) remains incurable. Methods: We conducted a randomized controlled trial in high-risk cytogenetics. Participants (n=205) were assigned to receive venetoclax plus obinutuzumab or chlorambucil plus obinutuzumab. The primary endpoint was progression-free survival. Results: progression-free survival was improved with venetoclax plus obinutuzumab (HR 0.46; 95% CI 0.39 to 0.52; p=0.0021). Conclusions: venetoclax plus obinutuzumab improved progression-free survival compared with chlorambucil plus obinutuzumab.,1
DUM-IRR-00416,Alzheimer Disease management guidelines: an updated review,"Methods: Using a murine model (n=39), we assessed dementia and mechanistic endpoints. Results: cognitive decline altered pathway activity. Conclusions: Findings support preclinical development.",0
DUM-IRR-00245,Preclinical evaluation of GLP-1 in a type 2 diabetes model,Objective: To summarize evidence for type 2 diabetes. We performed a systematic review and meta-analysis following PRISMA. Results: 43 studies were included. Conclusions: Evidence quality was variable.,0
DUM-IRR-00298,Association of GLP-1 with outcomes in type 2 diabetes,"Methods: Using a murine model (n=13), we assessed GLP-1 and mechanistic endpoints. Results: metformin altered pathway activity. Conclusions: Findings support preclinical development.",0
DUM-IRR-00021,Meta-analysis of interventions for Alzheimer disease,Objective: To summarize evidence for Alzheimer disease. We performed a systematic review and meta-analysis following PRISMA. Results: 37 studies were included. Conclusions: Evidence quality was variable.,0
DUM-CLL-00071,venetoclax plus obinutuzumab versus FCR in high-risk cytogenetics: a double-blind trial,Background: Chronic lymphocytic leukemia (CLL) remains incurable. Methods: We conducted a double-blind trial in high-risk cytogenetics. Participants (n=315) were assigned to receive venetoclax plus obinutuzumab or FCR. The primary endpoint was response rate. Results: response rate was improved with venetoclax plus obinutuzumab (HR 0.76; 95% CI 0.66 to 1.04; p=0.0021). Conclusions: venetoclax plus obinutuzumab improved response rate compared with FCR.,1
DUM-IRR-00508,Covid-19 management guidelines: an updated review,Background: Covid-19 is a major public health problem. Methods: In this study (n=903) we evaluated variant and clinical outcomes. Results: Significant associations were observed (p=0.0132). Conclusions: Further research is warranted.,0
DUM-IRR-00225,Preclinical evaluation of meta-analysis in a systematic review model,Objective: To summarize evidence for systematic review. We performed a systematic review and meta-analysis following PRISMA. Results: 39 studies were included. Conclusions: Evidence quality was variable.,0
DUM-IRR-00090,Meta-analysis of interventions for type 2 diabetes,Background: Type 2 Diabetes is a major public health problem. Methods: In this study (n=1057) we evaluated HbA1c and clinical outcomes. Results: Significant associations were observed (p=0.0349). Conclusions: Further research is warranted.,0
DUM-IRR-00365,Preclinical evaluation of tau in a Alzheimer disease model,Objective: To summarize evidence for Alzheimer disease. We performed a systematic review and meta-analysis following PRISMA. Results: 25 studies were included. Conclusions: Evidence quality was variable.,0
DUM-IRR-00009,Association of preclinical with outcomes in mouse model study,"Methods: Using a murine model (n=59), we assessed knockout and mechanistic endpoints. Results: knockout altered pathway activity. Conclusions: Findings support preclinical development.",0
DUM-IRR-00478,Preclinical evaluation of murine in a mouse model study model,"Methods: Using a murine model (n=44), we assessed murine and mechanistic endpoints. Results: preclinical altered pathway activity. Conclusions: Findings support preclinical development.",0
DUM-IRR-00506,Effects of blood pressure on biomarkers in cardiovascular disease: a cohort study,Background: Cardiovascular Disease is a major public health problem. Methods: In this study (n=554) we evaluated myocardial infarction and clinical outcomes. Results: Significant associations were observed (p=0.0352). Conclusions: Further research is warranted.,0
DUM-IRR-00384,Effects of HbA1c on biomarkers in type 2 diabetes: a cohort study,Background: Type 2 Diabetes is a major public health problem. Methods: In this study (n=209) we evaluated insulin and clinical outcomes. Results: Significant associations were observed (p=0.0374). Conclusions: Further research is warranted.,0
DUM-IRR-00027,Effects of SARS-CoV-2 on biomarkers in COVID-19: a cohort study,Objective: To summarize evidence for COVID-19. We performed a systematic review and meta-analysis following PRISMA. Results: 24 studies were included. Conclusions: Evidence quality was variable.,0
DUM-IRR-00408,Type 2 Diabetes management guidelines: an updated review,Objective: To summarize evidence for type 2 diabetes. We performed a systematic review and meta-analysis following PRISMA. Results: 33 studies were included. Conclusions: Evidence quality was variable.,0
DUM-CLL-00079,acalabrutinib versus chlorambucil plus obinutuzumab in patients with CLL: a randomized controlled trial,Background: Frontline therapy for CLL has evolved. Methods: We conducted a randomized controlled trial in patients with CLL. Participants (n=228) were assigned to receive acalabrutinib or chlorambucil plus obinutuzumab. The primary endpoint was progression-free survival. Results: progression-free survival was improved with acalabrutinib (HR 0.87; 95% CI 0.67 to 1.17; p=0.0029). Conclusions: acalabrutinib improved progression-free survival compared with chlorambucil plus obinutuzumab.,1
DUM-IRR-00087,Alzheimer Disease management guidelines: an updated review,Background: Alzheimer Disease is a major public health problem. Methods: In this study (n=864) we evaluated tau and clinical outcomes. Results: Significant associations were observed (p=0.0145). Conclusions: Further research is warranted.,0
DUM-IRR-00151,Meta-analysis of interventions for type 2 diabetes,Background: Type 2 Diabetes is a major public health problem. Methods: In this study (n=760) we evaluated HbA1c and clinical outcomes. Results: Significant associations were observed (p=0.05). Conclusions: Further research is warranted.,0
DUM-IRR-00467,Association of tau with outcomes in Alzheimer disease,Background: Alzheimer Disease is a major public health problem. Methods: In this study (n=1235) we evaluated amyloid and clinical outcomes. Results: Significant associations were observed (p=0.0084). Conclusions: Further research is warranted.,0
DUM-IRR-00260,Effects of statin on biomarkers in cardiovascular disease: a cohort study,Background: Cardiovascular Disease is a major public health problem. Methods: In this study (n=354) we evaluated blood pressure and clinical outcomes. Results: Significant associations were observed (p=0.0422). Conclusions: Further research is warranted.,0
DUM-IRR-00355,Effects of HER2 on biomarkers in breast cancer: a cohort study,"Methods: Using a murine model (n=48), we assessed tamoxifen and mechanistic endpoints. Results: metastatic altered pathway activity. Conclusions: Findings support preclinical development.",0
DUM-IRR-00351,Association of cognitive decline with outcomes in Alzheimer disease,"Methods: Using a murine model (n=19), we assessed amyloid and mechanistic endpoints. Results: amyloid altered pathway activity. Conclusions: Findings support preclinical development.",0
DUM-IRR-00123,Meta-analysis of interventions for cardiovascular disease,Objective: To summarize evidence for cardiovascular disease. We performed a systematic review and meta-analysis following PRISMA. Results: 41 studies were included. Conclusions: Evidence quality was variable.,0
DUM-IRR-00258,Meta-analysis of interventions for cardiovascular disease,Background: Cardiovascular Disease is a major public health problem. Methods: In this study (n=1849) we evaluated statin and clinical outcomes. Results: Significant associations were observed (p=0.0309). Conclusions: Further research is warranted.,0
DUM-CLL-00067,ibrutinib versus bendamustine-rituximab in treatment-naive patients: a phase 3 trial,Background: Frontline therapy for CLL has evolved. Methods: We conducted a phase 3 trial in treatment-naive patients. Participants (n=594) were assigned to receive ibrutinib or bendamustine-rituximab. The primary endpoint was time to next treatment. Results: time to next treatment was improved with ibrutinib (HR 0.81; 95% CI 0.66 to 1.0; p=0.0065). Conclusions: ibrutinib improved time to next treatment compared with bendamustine-rituximab.,1
DUM-IRR-00303,Association of metformin with outcomes in type 2 diabetes,Objective: To summarize evidence for type 2 diabetes. We performed a systematic review and meta-analysis following PRISMA. Results: 20 studies were included. Conclusions: Evidence quality was variable.,0
DUM-IRR-00403,Preclinical evaluation of dementia in a Alzheimer disease model,Objective: To summarize evidence for Alzheimer disease. We performed a systematic review and meta-analysis following PRISMA. Results: 16 studies were included. Conclusions: Evidence quality was variable.,0
DUM-IRR-00072,Preclinical evaluation of myocardial infarction in a cardiovascular disease model,"Methods: Using a murine model (n=27), we assessed blood pressure and mechanistic endpoints. Results: angiography altered pathway activity. Conclusions: Findings support preclinical development.",0
DUM-IRR-00471,Effects of tau on biomarkers in Alzheimer disease: a cohort study,Objective: To summarize evidence for Alzheimer disease. We performed a systematic review and meta-analysis following PRISMA. Results: 16 studies were included. Conclusions: Evidence quality was variable.,0
DUM-IRR-00159,Preclinical evaluation of meta-analysis in a systematic review model,Background: Systematic Review is a major public health problem. Methods: In this study (n=970) we evaluated meta-analysis and clinical outcomes. Results: Significant associations were observed (p=0.0369). Conclusions: Further research is warranted.,0
DUM-IRR-00154,Mouse Model Study management guidelines: an updated review,"Methods: Using a murine model (n=27), we assessed murine and mechanistic endpoints. Results: preclinical altered pathway activity. Conclusions: Findings support preclinical development.",0
DUM-IRR-00333,Meta-analysis of interventions for Alzheimer disease,Background: Alzheimer Disease is a major public health problem. Methods: In this study (n=1736) we evaluated cognitive decline and clinical outcomes. Results: Significant associations were observed (p=0.0132). Conclusions: Further research is warranted.,0
DUM-IRR-00320,Preclinical evaluation of meta-analysis in a systematic review model,Objective: To summarize evidence for systematic review. We performed a systematic review and meta-analysis following PRISMA. Results: 15 studies were included. Conclusions: Evidence quality was variable.,0
DUM-IRR-00382,Meta-analysis of interventions for cardiovascular disease,"Methods: Using a murine model (n=30), we assessed angiography and mechanistic endpoints. Results: statin altered pathway activity. Conclusions: Findings support preclinical development.",0
DUM-IRR-00455,Effects of SARS-CoV-2 on biomarkers in COVID-19: a cohort study,Objective: To summarize evidence for COVID-19. We performed a systematic review and meta-analysis following PRISMA. Results: 30 studies were included. Conclusions: Evidence quality was variable.,0
DUM-IRR-00219,Effects of metastatic on biomarkers in breast cancer: a cohort study,Background: Breast Cancer is a major public health problem. Methods: In this study (n=633) we evaluated tamoxifen and clinical outcomes. Results: Significant associations were observed (p=0.0156). Conclusions: Further research is warranted.,0
DUM-CLL-00072,zanubrutinib versus bendamustine-rituximab in treatment-naive patients: a double-blind trial,Background: Chronic lymphocytic leukemia (CLL) remains incurable. Methods: We conducted a double-blind trial in treatment-naive patients. Participants (n=396) were assigned to receive zanubrutinib or bendamustine-rituximab. The primary endpoint was time to next treatment. Results: time to next treatment was improved with zanubrutinib (HR 0.89; 95% CI 0.76 to 1.05; p=0.0285). Conclusions: zanubrutinib improved time to next treatment compared with bendamustine-rituximab.,1
DUM-IRR-00479,Preclinical evaluation of in vivo in a mouse model study model,Background: Mouse Model Study is a major public health problem. Methods: In this study (n=297) we evaluated preclinical and clinical outcomes. Results: Significant associations were observed (p=0.0036). Conclusions: Further research is warranted.,0
DUM-IRR-00243,Effects of metastatic on biomarkers in breast cancer: a cohort study,Objective: To summarize evidence for breast cancer. We performed a systematic review and meta-analysis following PRISMA. Results: 44 studies were included. Conclusions: Evidence quality was variable.,0
DUM-IRR-00019,Breast Cancer management guidelines: an updated review,Background: Breast Cancer is a major public health problem. Methods: In this study (n=144) we evaluated HER2 and clinical outcomes. Results: Significant associations were observed (p=0.0058). Conclusions: Further research is warranted.,0
DUM-IRR-00325,Association of metastatic with outcomes in breast cancer,Objective: To summarize evidence for breast cancer. We performed a systematic review and meta-analysis following PRISMA. Results: 23 studies were included. Conclusions: Evidence quality was variable.,0
DUM-IRR-00015,Association of variant with outcomes in COVID-19,"Methods: Using a murine model (n=46), we assessed PCR and mechanistic endpoints. Results: variant altered pathway activity. Conclusions: Findings support preclinical development.",0
